Date,"CARNESVILLE, GA","CLAYTON 1 SSW, GA","CORNELIA, GA"," ELBERTON 2 N, GA"," HARTWELL, GA","TOCCOA, GA","Athens Area, GA","ADAIRSVILLE 5 SE, GA","ALLATOONA DAM 2, GA","ALTO 4SE, GA","BALL GROUND, GA","BLAIRSVILLE EXP STA, GA","CARTERSVILLE, GA","CARTERSVILLE # 2, GA","CEDARTOWN, GA","CHATSWORTH 2, GA"," CHICKAMAUGA PK LARC, GA","CLEVELAND, GA","COMMERCE 4 NNW, GA","CUMMING 2N, GA"," DALLAS 7 NE, GA","DORAVILLE 2 NNE, GA","DANIELSVILLE, GA","DAHLONEGA 4WSW, GA","ELLIJAY, GA","GAINESVILLE, GA"," HELEN, GA","ROME, GA","SAUTEE 3W, GA","SUMMERVILLE, GA"," TAYLORSVILLE, GA","WINTERVILLE, GA"
1980-01-01,7.25,7.83,7.53,7.7,,7.35,6.76,,,,6.62,5.55,5.38,5.48,5.11,5.31,,7.33,7.54,8.17,7.81,,,8.17,6.24,8.27,,5.57,,5.25,,
1980-02-01,1.81,2.36,2.81,1.93,1.33,2.37,1.84,,,,2.09,2.48,2.5,2.53,3.04,5.85,,2.42,1.92,2.95,2.86,,,,3.0,2.26,,2.16,,1.65,,
1980-03-01,,16.17,17.11,11.14,,17.6,10.0,,,,17.19,13.0,12.7,15.2,15.68,12.56,,17.74,13.79,15.63,12.79,,,19.7,15.53,15.47,,17.98,,16.87,,
1980-04-01,3.53,5.86,3.65,3.2,1.0,3.29,2.68,,,,5.16,6.53,5.05,5.95,6.87,5.73,,4.21,2.89,3.19,4.67,,,4.2,6.7,2.45,,6.34,,6.72,4.93,
1980-05-01,7.07,7.73,6.1,5.82,,9.74,7.52,,,,5.53,6.17,5.75,5.25,6.42,4.44,,,6.04,6.44,4.06,,,4.78,6.79,4.88,,5.28,,7.15,4.87,
1980-06-01,4.85,4.24,5.12,1.87,1.95,3.9,3.43,,,,5.78,3.59,2.74,5.5,1.52,1.81,,4.21,4.48,7.18,4.19,,,4.61,1.46,8.61,,3.9,,0.94,3.18,
1980-07-01,2.98,1.86,3.26,1.66,0.95,1.18,1.69,,,,2.18,1.92,1.3,2.36,2.23,2.75,,2.3,2.39,0.86,1.16,,,2.62,2.17,0.93,,3.93,,1.53,4.3,
1980-08-01,1.4,3.25,1.83,1.95,,2.11,2.55,,,,2.06,3.25,1.57,3.28,3.52,1.24,,0.74,0.8,2.19,3.81,,,1.6,1.01,1.86,,1.62,,2.57,2.18,
1980-09-01,8.97,8.66,11.02,5.71,10.24,8.53,5.55,,,,5.96,9.5,5.18,6.83,6.24,6.04,,7.35,5.22,6.79,7.35,,,7.02,7.7,8.52,,6.61,,7.31,5.06,
1980-10-01,3.73,3.06,4.22,3.28,3.38,4.16,1.48,,,,4.33,2.28,2.25,3.9,5.22,2.1,,3.29,4.18,3.25,3.1,,,3.1,3.8,4.27,,3.34,,3.73,3.36,
1980-11-01,2.33,3.86,3.27,3.14,,3.41,2.66,,,,2.02,2.49,1.22,2.07,1.76,3.47,,3.1,1.16,1.86,2.19,,,3.58,2.95,2.18,,2.69,,2.42,1.7,
1980-12-01,0.88,0.66,0.81,1.31,0.55,0.94,1.9,,,,0.33,0.87,0.17,0.48,0.4,1.03,,0.97,0.69,0.72,0.45,,,0.99,1.65,0.69,,0.58,,0.83,0.56,
1981-01-01,0.69,1.0,0.99,0.7,0.56,0.74,0.64,,,,1.27,1.24,0.44,0.89,0.99,1.28,,1.11,0.72,0.96,0.81,,,0.93,1.16,1.16,,0.85,,1.27,0.9,
1981-02-01,6.08,8.32,7.12,5.98,1.5333333333333332,7.02,6.73,,,,7.65,6.57,5.71,7.41,6.92,6.34,,7.71,5.91,6.08,7.15,,,7.99,7.38,6.0,,7.12,,5.87,6.87,
1981-03-01,2.68,4.23,3.34,2.76,2.71,3.08,2.45,,,,3.93,4.06,3.82,4.27,4.82,4.04,,3.77,2.05,4.29,4.53,,,3.9,4.42,3.54,,4.75,,4.99,4.24,
1981-04-01,1.17,3.44,2.31,1.33,1.19,2.14,2.1,,,,2.57,2.71,4.34,2.12,2.73,3.49,,2.88,1.33,2.17,3.54,,,2.75,3.6,2.78,,2.65,,3.07,2.48,
1981-05-01,3.01,10.48,3.6,2.64,3.54,2.92,3.67,,,,3.64,6.82,6.43,6.94,4.11,5.33,,6.2,3.32,6.88,8.09,,,5.65,5.8,4.47,,3.35,,2.13,5.24,
1981-06-01,1.24,6.573333333333333,4.13,2.59,1.73,2.94,1.5,,,,5.76,3.69,0.56,4.72,3.29,3.64,,4.68,5.68,2.6,4.7,,,4.49,4.37,2.42,,3.0,,4.32,3.49,
1981-07-01,1.6,5.0,3.54,5.18,2.72,4.58,2.32,,,,1.44,1.75,1.45,5.0,2.62,3.03,,2.43,1.42,2.36,3.87,,,1.78,3.39,1.12,,3.09,,4.5,3.22,
1981-08-01,0.92,1.66,1.73,5.26,1.11,0.82,1.0,,,,5.88,1.42,2.49,6.96,6.36,5.93,,3.62,2.86,5.63,5.41,,,1.58,3.43,3.69,,5.63,,4.73,8.49,
1981-09-01,0.69,5.98,0.87,1.57,5.03,1.96,1.04,,,,1.8,4.22,1.08,2.91,1.51,4.29,,5.97,0.95,1.37,3.26,,,4.01,3.76,4.71,,3.46,,1.83,2.34,
1981-10-01,4.4,4.83,4.3,2.21,2.85,2.5566666666666666,2.06,,,,3.55,3.06,1.67,4.17,4.72,4.26,,3.58,3.41,2.49,3.65,,,3.44,4.03,3.04,,3.57,,3.21,4.45,
1981-11-01,2.05,3.23,1.61,0.64,2.2,1.55,1.81,,,,1.46,3.31,1.4,1.05,2.13,4.15,,2.44,1.89,1.98,1.28,,,2.14,4.81,1.82,,2.26,,2.87,1.04,
1981-12-01,7.36,7.7,5.7,7.03,2.32,5.97,7.57,,,,4.49,4.75,0.7849999999999999,4.76,4.85,3.94,,6.42,5.83,5.88,5.25,,,5.35,6.19,5.5,,5.02,,6.13,4.14,
1982-01-01,8.39,9.14,9.42,7.16,4.21,10.61,4.83,,,,8.19,7.95,0.8783333333333333,7.2,6.06,8.47,,9.87,4.78,7.03,6.94,,,5.95,10.63,7.69,,7.8,,10.86,6.43,
1982-02-01,7.79,8.83,8.91,7.4,6.58,9.07,7.07,,,,10.53,8.96,2.666111111111111,10.25,10.3,8.37,,10.62,7.79,10.07,9.91,,,11.57,11.34,8.79,,9.33,,8.55,8.72,
1982-03-01,5.836666666666667,3.38,3.22,2.82,1.62,2.95,1.88,,,,3.17,2.14,1.41,2.9,2.85,2.8,,2.52,2.66,3.21,3.33,,,2.51,3.42,2.84,,4.09,,2.95,2.86,
1982-04-01,7.04,6.28,5.77,5.59,5.47,6.56,5.74,,,,8.72,4.77,7.41,10.52,12.79,4.22,,5.77,5.5,10.83,10.64,,,6.51,5.72,7.51,,9.99,,7.87,8.76,
1982-05-01,0.98,5.11,1.87,3.51,1.66,2.98,4.33,,,,4.13,4.08,5.82,7.25,4.19,2.4,,1.69,2.61,3.19,2.44,,,2.5,3.19,1.63,,2.9,,1.86,5.66,
1982-06-01,3.74,5.12,4.86,4.49,3.58,3.79,3.65,,,,2.34,3.32,3.62,2.84,5.32,4.59,,3.15,3.62,4.08,5.66,,,3.39,3.39,2.82,,4.51,,4.38,3.69,
1982-07-01,3.83,6.83,2.21,2.02,11.51,7.79,3.13,,,,4.56,4.51,1.11,2.07,2.2,2.95,,8.32,3.37,5.15,4.64,,,5.46,9.1,4.96,,6.12,,3.7,3.15,
1982-08-01,1.23,4.53,3.68,1.91,3.61,5.3,3.1,,,,6.9,3.74,2.08,4.53,1.51,5.36,,6.11,3.13,3.85,5.22,,,3.62,6.88,2.94,,4.89,,2.88,3.74,
1982-09-01,3.2,4.89,2.04,2.63,2.88,4.53,2.19,,,,1.49,3.67,0.52,1.33,1.66,3.13,,1.42,3.36,2.68,3.35,,,1.69,3.04,2.21,,1.72,,1.24,1.1,
1982-10-01,5.25,5.2,4.32,2.18,2.87,5.39,4.56,,,,7.56,4.82,3.95,5.11,5.43,4.56,,8.27,6.81,5.63,4.03,,,6.35,5.3,6.04,,3.19,,4.17,4.76,
1982-11-01,6.61,7.48,4.69,3.43,2.5,6.33,5.56,,,,4.52,5.0,5.16,6.24,6.5,9.73,,5.75,6.94,3.21,5.53,,,5.16,5.81,4.02,,7.01,,8.4,6.99,
1982-12-01,4.44,8.96,8.03,5.54,7.05,7.75,3.56,,,,7.03,8.96,4.56,7.62,9.4,6.35,,8.46,4.73,8.36,8.73,,,9.07,9.28,6.64,,8.99,,8.82,7.19,
1983-01-01,2.93,5.06,4.31,4.16,3.34,3.88,3.19,,,,2.74,2.23,2.25,2.63,2.52,2.34,,4.18,2.98,4.28,3.1,,,3.17,2.34,3.65,,2.78,,4.19,2.55,
1983-02-01,4.75,6.06,6.85,6.4,6.33,5.63,5.42,,,,5.25,6.03,4.35,4.49,4.61,3.76,,7.03,5.52,5.18,5.14,,,6.0,4.74,5.66,,5.05,,4.73,4.34,
1983-03-01,5.05,5.74,8.07,7.4,5.5,7.89,6.1,,,,5.72,6.93,1.19,5.43,4.33,3.88,,7.37,8.84,7.6,6.49,,,6.89,4.36,7.0,,5.81,,5.89,5.02,
1983-04-01,3.65,9.39,6.01,5.5,4.11,5.51,5.17,,,,6.36,7.97,5.86,4.86,4.87,4.76,,7.68,3.95,5.18,5.19,,,7.76,6.71,4.56,,6.86,,4.45,4.43,
1983-05-01,3.37,5.92,4.88,2.98,2.17,4.55,2.3,,,,4.82,4.54,4.36,4.59,5.99,8.01,,7.51,3.49,4.79,6.04,,,5.49,8.57,4.9,,6.14,,5.65,4.54,
1983-06-01,3.57,3.28,2.35,2.55,0.98,2.92,3.17,,,,3.58,3.72,3.25,2.92,4.55,4.68,,2.1,2.45,3.63,3.57,,,3.51,4.16,2.58,,5.94,,2.29,2.64,
1983-07-01,2.08,1.74,2.87,1.81,0.38,1.37,1.99,,,,2.97,1.58,0.95,0.91,1.83,3.08,,2.08,1.17,3.02,2.08,,,2.19,4.05,0.65,,1.21,,1.53,1.51,
1983-08-01,0.63,2.56,1.6,2.22,2.3,1.36,2.06,,,,1.8,3.25,0.64,2.34,1.28,3.39,,3.13,1.45,0.94,1.82,,,3.29,3.15,1.55,,1.69,,1.91,0.97,
1983-09-01,5.9,6.38,7.48,2.22,2.8,6.68,5.62,,,,7.33,8.51,4.26,6.58,3.83,3.88,,8.17,6.51,6.52,4.94,,,7.6,8.2,6.95,,4.21,,4.5,4.24,
1983-10-01,2.98,6.3,4.14,1.71,2.94,3.16,3.64,,,,2.86,7.373333333333332,1.9,2.5,2.84,3.15,,3.92,2.66,2.22,2.16,,,3.77,3.27,3.64,,2.42,,3.44,1.95,
1983-11-01,5.94,7.36,8.15,5.88,5.73,6.84,6.9,,,,8.03,8.79,4.65,7.12,7.82,7.07,,7.7,6.77,8.07,8.3,,,8.53,9.12,7.13,,7.56,,9.98,6.16,
1983-12-01,7.47,10.77,12.15,8.14,11.61,9.91,8.22,,,,10.96,8.57,3.53,9.11,9.05,7.81,,12.39,10.1,14.52,12.44,,,12.43,9.82,13.73,,9.84,,9.16,7.69,
1984-01-01,4.5,5.43,4.71,4.58,4.8,4.91,4.5,,,,4.32,3.58,1.38,4.19,4.78,3.65,,5.49,4.33,4.34,4.4,,,6.1,4.6,4.45,6.61,4.91,,5.21,4.12,
1984-02-01,5.26,7.18,6.51,5.71,6.42,7.15,5.94,,,,5.95,7.98,3.03,4.58,4.09,5.93,,7.3,5.6,4.76,4.5,,,5.926666666666667,5.08,5.08,6.61,4.23,,5.03,3.62,
1984-03-01,6.19,5.8,4.45,5.37,5.5,5.11,5.18,,,,6.4,6.74,4.87,5.06,4.43,4.28,,6.2,6.9,6.18,4.21,,,5.68,5.8,5.49,6.61,3.62,,5.15,4.883333333333334,
1984-04-01,6.45,9.57,5.91,4.81,8.32,5.91,4.84,,,,5.2,5.79,2.8,5.28,5.85,5.56,,6.55,6.39,5.68,6.02,,,5.58,4.4,5.82,9.04,5.0,,8.39,6.01,
1984-05-01,5.28,7.87,6.33,4.17,2.08,6.9,3.4,,,,5.17,6.7,3.21,5.64,5.62,5.77,,9.92,4.44,5.234999999999999,9.34,,,9.79,8.14,4.86,5.994999999999999,4.47,,6.81,5.92,
1984-06-01,6.02,4.41,2.76,1.61,3.14,8.72,3.79,,,,9.51,4.11,0.15,3.06,4.14,5.02,,3.1,3.43,4.432499999999999,2.25,,,2.2,3.41,2.45,2.95,8.46,,3.57,3.4,
1984-07-01,9.93,8.19,10.98,9.43,9.85,20.5,10.2,,,,10.68,7.56,8.21,12.18,8.72,9.76,,12.06,10.96,3.7262499999999994,8.5,,,15.45,9.45,9.54,16.75,12.36,,8.11,7.47,
1984-08-01,5.8,5.59,4.64,2.86,5.54,3.58,3.59,,,,3.4,3.71,1.19,2.87,6.74,2.33,,2.85,3.66,2.333125,6.02,,,5.68,2.82,3.17,2.26,5.89,,2.17,3.1,
1984-09-01,0.35,0.43,0.11,0.0,1.25,0.04,0.72,,,,0.65,0.25,0.95,1.3,0.2,1.35,,0.12,0.24,4.426562499999999,0.64,,,0.29,0.23,0.37,0.45,0.29,,0.97,0.33,
1984-10-01,3.64,4.22,3.82,2.31,2.71,4.95,2.75,,,,1.17,3.44,1.38,1.31,1.97,5.93,,2.7,1.22,3.32328125,1.45,,,2.99,4.45,2.22,4.61,2.67,,4.23,1.46,
1984-11-01,2.41,3.89,3.74,2.58,1.35,2.82,2.32,,,,2.92,3.95,1.74,2.51,2.43,3.12,,4.3,2.74,5.696640625000001,2.51,,,3.71,3.52,3.67,4.41,3.3,,1.06,2.42,
1984-12-01,3.09,2.99,3.54,3.21,3.06,3.16,2.62,,,,3.65,3.26,3.18,3.87,3.69,2.68,,3.41,3.33,10.1083203125,3.41,,,3.64,3.21,3.17,3.35,3.03,,2.11,3.94,
1985-01-01,4.76,4.11,4.62,3.63,3.19,4.86,4.11,,,,4.0,3.83,3.32,4.23,4.31,5.87,,2.81,4.81,7.22416015625,3.87,,,4.16,3.56,3.9,4.57,4.15,,3.28,4.22,
1985-02-01,6.47,9.05,7.62,6.23,5.34,8.05,4.62,,,,5.54,6.71,6.2,5.59,5.97,3.5,,7.8,5.41,5.992080078124999,6.5,,,7.71,6.44,6.65,8.64,5.52,,4.53,6.05,
1985-03-01,1.4,1.05,1.41,1.1,1.44,1.69,1.15,,,,1.57,1.16,1.38,1.27,1.35,2.03,,1.38,1.16,6.0860400390625,1.7,,,1.44,1.78,1.29,2.06,1.57,,0.83,1.33,
1985-04-01,1.81,3.59,3.12,1.3,1.38,1.83,1.73,,,,2.23,2.89,2.84,2.61,2.52,2.79,,3.3,2.26,5.88302001953125,2.64,,,3.85,3.39,2.94,3.32,2.18,,4.62,2.05,
1985-05-01,4.85,5.41,5.07,2.81,5.11,7.06,3.81,,,,4.8,2.96,5.23,3.5233333333333334,5.99,4.16,,3.86,3.45,5.5590100097656245,4.98,,,4.21,3.86,5.36,4.74,5.53,,4.64,5.72,
1985-06-01,2.65,3.9,2.22,2.26,3.19,2.28,2.08,,,,2.58,4.07,2.05,2.32,5.18,5.11,,4.68,3.67,4.995755004882811,5.07,,,5.06,5.63,3.88,4.42,3.26,,3.75,3.67,
1985-07-01,9.33,8.01,8.49,9.09,6.39,8.5,6.36,,,,8.92,6.54,6.0,6.44,8.01,3.84,,7.99,9.29,4.361002502441405,8.13,,,11.03,6.37,9.21,10.0,7.46,,6.03,5.81,
1985-08-01,6.73,9.65,5.37,4.15,4.9,7.28,2.39,,,,5.72,4.49,5.3,6.24,6.23,4.91,,5.39,5.87,3.3470637512207024,5.89,,,5.46,5.36,5.38,5.01,6.27,,2.82,3.58,
1985-09-01,0.72,0.86,0.9,0.4,1.1,0.53,0.62,,,,1.17,0.76,0.55,1.38,2.93,1.94,,0.48,0.98,3.8868131256103506,1.3,,,0.8,1.58,1.41,1.47,0.26,,0.26,0.48,
1985-10-01,4.25,6.25,3.0,5.44,3.65,3.31,5.15,,,,3.19,4.34,2.82,5.42,4.1,5.96,,3.81,3.92,3.6050471878051753,3.93,,,3.31,5.88,2.93,5.29,4.29,,3.68,4.19,
1985-11-01,4.87,8.89,7.01,6.73,6.04,8.06,4.99,,,,3.85,4.69,2.39,2.39,2.48,2.58,,7.22,5.45,4.650843906402588,3.42,,,4.69,3.03,5.32,6.81,2.27,,1.26,2.34,
1985-12-01,1.82,4.18,1.32,1.66,1.63,3.28,1.39,,,,1.59,1.86,1.67,1.74,2.23,2.68,,1.77,1.86,7.3795821094512934,1.99,,,1.73,2.33,1.18,2.71,2.0,,1.71,2.02,
1986-01-01,1.14,1.97,1.99,1.35,0.93,2.73,0.76,,,,2.43,1.74,1.18,1.65,1.95,1.21,,2.56,1.57,7.301871132850646,2.0,,,2.62,2.64,1.6,1.61,2.39,,2.723333333333333,1.54,
1986-02-01,1.42,2.57,1.61,1.43,1.15,1.38,1.65,,,,2.45,3.09,2.14,1.67,2.19,3.29,,2.33,1.27,6.646975605487823,1.92,,,2.21,4.01,1.66,2.35,2.46,,3.18,1.86,
1986-03-01,3.17,4.22,3.03,2.97,2.28,2.94,3.27,,,,3.04,3.56,3.07,3.08,2.91,3.19,,3.26,3.42,6.366507822275161,3.13,,,3.61,3.33,3.8,2.59,3.59,,2.79,2.31,
1986-04-01,0.63,1.3,1.21,0.82,0.8,0.72,1.22,,,,1.28,2.21,0.81,1.03,0.47,1.37,,1.1,0.96,4.246509280602138,0.38,,,1.5,1.81,1.3,1.21,1.36,,1.84,0.22,
1986-05-01,3.26,5.87,4.12,2.74,3.95,2.26,2.2,,,,4.53,2.2,3.31,4.09,3.35,2.84,,4.8,3.81,3.431839763455921,6.44,,,6.12,2.7,2.01,5.88,2.01,,5.08,3.99,
1986-06-01,1.23,1.97,1.45,0.56,2.13,1.79,2.13,,,,1.68,1.86,1.49,0.92,3.66,3.67,,3.29,0.15,0.49,1.07,,,1.53,1.35,0.67,1.34,1.9,,1.42,1.13,
1986-07-01,1.25,3.4,3.92,1.77,1.25,1.64,3.63,,,,3.78,1.94,3.26,2.08,3.34,4.19,,2.09,0.77,1.76,2.9,,,1.46,3.64,0.69,2.34,1.32,,2.74,4.89,
1986-08-01,3.52,6.36,3.57,4.08,3.53,5.28,3.76,,,,5.42,6.47,4.52,5.78,7.1,3.57,,4.1,2.69,3.19,3.82,,,3.9,4.31,3.75,5.11,11.56,,4.79,4.71,
1986-09-01,2.98,3.35,5.7,1.57,4.3,4.25,1.94,5.16,,,5.87,3.75,4.81,3.04,2.47,3.06,,4.47,3.53,5.81,2.62,,,4.57,4.13,4.88,5.28,2.64,,1.85,2.02,
1986-10-01,9.24,8.37,8.96,5.3,7.6,8.1,7.65,5.16,,,8.24,5.1,6.89,4.49,3.42,5.6,,9.83,10.75,8.9,4.76,,,9.76,8.42,9.97,5.82,5.98,,5.91,4.53,
1986-11-01,7.15,9.5,6.83,4.75,6.66,8.61,4.77,5.16,,,4.81,7.68,5.49,6.62,6.19,7.08,,6.45,6.18,5.76,4.01,,,6.976666666666667,8.3,7.15,6.63,5.46,,7.08,5.25,
1986-12-01,3.99,10.01,5.6,4.17,4.37,6.29,3.03,3.02,,,4.12,4.52,3.35,3.43,2.38,3.44,,6.25,5.15,5.19,3.27,,,5.062222222222222,4.35,5.32,7.55,2.86,,3.0,1.9,
1987-01-01,5.74,7.14,6.69,6.93,7.13,5.71,6.29,5.3,,,5.39,5.95,4.07,5.88,6.09,3.5333333333333337,,7.16,6.66,6.65,6.36,,,6.48,7.07,5.92,5.683333333333334,5.41,,8.82,7.35,
1987-02-01,7.56,6.61,4.696666666666666,4.68,5.34,4.75,5.17,4.67,,,5.18,4.13,3.87,5.04,5.01,5.95,,6.33,6.21,5.05,4.72,,,6.65,6.07,5.52,7.89,4.98,,7.73,4.01,
1987-03-01,4.32,7.23,5.79,5.87,6.36,6.4,4.29,4.7,,,4.95,3.75,3.53,4.28,3.03,3.11,,6.98,5.12,4.73,4.14,,,6.55,4.0,5.12,6.61,4.68,,4.52,3.33,
1987-04-01,2.13,3.31,2.47,2.9,2.12,2.42,0.89,1.28,,,1.91,2.46,1.65,1.99,1.08,2.14,,2.76,1.65,2.43,1.28,,,2.48,2.06,1.37,3.14,1.54,,0.37,1.34,
1987-05-01,1.55,4.64,3.92,1.98,2.13,3.58,2.3,0.87,,,1.65,3.59,1.33,2.22,2.83,3.33,,3.64,1.01,0.51,1.8,,,4.39,3.18,2.6,5.67,2.23,,2.43,1.85,
1987-06-01,5.54,3.91,6.67,4.56,5.41,6.18,3.34,3.17,,,4.65,2.17,2.68,2.64,4.86,4.75,,2.68,4.8,5.07,6.76,,,2.74,5.05,7.54,2.2,4.21,,4.7,3.33,
1987-07-01,2.94,3.32,2.87,1.65,5.2,3.07,4.83,1.41,,,2.63,1.76,1.1,0.84,6.01,2.31,,4.26,2.57,1.27,2.09,,,4.3,1.26,4.01,2.94,2.84,,1.67,1.49,
1987-08-01,3.03,3.3,3.89,3.96,0.95,4.64,0.98,1.74,,,1.18,1.77,4.02,3.05,2.76,1.12,,1.31,2.79,2.91,5.21,,,3.93,0.82,1.33,4.15,0.49,,3.12,2.466666666666667,
1987-09-01,2.63,5.89,1.4,1.76,2.18,3.32,2.39,3.66,,,3.39,4.29,2.87,3.74,2.06,3.41,,4.17,4.46,2.47,1.51,,,3.47,2.47,2.57,5.68,2.02,,3.61,1.2,
1987-10-01,0.36,0.64,0.52,0.29,0.37,0.42,0.36,0.27,,,0.41,0.63,0.37,0.35,0.95,0.78,,0.56,0.43,0.57,0.36,,,0.5,0.57,0.55,1.2,0.55,,0.38,0.32,
1987-11-01,4.0,5.51,4.32,2.25,2.61,3.36,2.61,2.45,,,4.37,4.17,0.91,3.7,2.65,2.07,,4.95,3.31,3.43,3.14,,,3.74,2.67,3.7,5.44,2.41,,2.16,1.44,
1987-12-01,4.85,6.65,6.3,3.12,3.42,5.36,2.39,4.51,,,4.17,3.1,3.77,4.4,4.05,4.03,,6.53,3.95,4.36,4.52,,,7.15,4.48,3.93,6.36,5.26,,4.65,4.85,
1988-01-01,4.92,6.04,4.76,4.85,4.58,4.95,5.35,5.42,1.89,,6.21,5.14,2.76,5.39,5.14,4.42,,7.03,5.73,5.58,5.46,,,6.72,6.48,4.95,6.19,5.3,,5.13,4.6,
1988-02-01,2.41,3.08,2.42,2.28,2.41,2.47,2.88,2.18,1.89,,2.29,1.75,2.73,2.25,2.15,1.49,,3.55,2.44,2.14,3.2,,,3.74,3.11,2.16,3.31,2.51,,1.92,2.43,
1988-03-01,2.66,3.1,2.56,2.45,2.75,2.8,2.53,2.83,1.89,,2.65,2.36,1.56,1.85,1.88,2.6,,2.97,2.53,2.17,2.13,,,2.96,3.11,1.92,3.48,2.59,,3.82,1.74,
1988-04-01,4.12,5.87,5.85,3.84,3.37,4.47,3.39,4.01,4.89,,5.4,5.44,1.2333333333333334,1.6666666666666667,4.03,4.65,,4.75,4.33,6.28,4.86,,,5.79,4.95,5.44,5.95,4.02,,4.65,3.5,
1988-05-01,1.49,0.97,1.91,1.22,1.16,0.75,0.41,0.84,1.35,,1.1,1.02,0.49,1.16,3.18,2.97,,1.2,1.35,0.46,1.08,,,2.69,2.45,0.79,2.35,1.66,,1.38,1.58,
1988-06-01,1.36,1.19,1.42,1.87,3.22,3.37,0.91,0.64,0.15,,0.7,2.51,1.5,0.2,2.33,1.03,,2.89,1.01,0.26,0.27,,,2.22,0.43,0.5,3.92,0.23,,0.33,0.19,
1988-07-01,4.46,6.0,4.25,4.3,2.05,5.81,1.67,3.98,5.72,,3.87,7.76,3.35,3.94,4.3,3.36,,8.4,4.23,3.99,4.62,,,5.36,3.82,4.73,6.47,2.38,,3.18,4.06,
1988-08-01,3.16,3.63,5.61,7.02,2.97,1.7,2.52,1.93,1.11,,3.18,4.03,1.25,2.28,4.44,6.42,,3.06,5.2,3.76,3.28,,,3.37,3.33,3.56,3.41,5.4,,5.16,1.9,
1988-09-01,4.51,4.97,5.8,4.74,2.575,4.98,5.37,4.75,4.27,,4.99,4.75,4.3,3.88,3.61,6.62,,5.19,6.09,9.01,4.67,,,8.94,5.43,7.01,7.35,5.25,,6.58,4.65,
1988-10-01,3.43,3.84,3.94,1.49,1.2616666666666667,4.3,2.33,2.54,2.54,,4.68,4.03,0.73,1.54,2.01,2.68,,4.43,4.7,3.91,4.2,,,5.91,3.76,3.24,4.75,2.33,,3.36,2.52,
1988-11-01,2.76,4.0,3.63,5.5,1.5705555555555557,4.01,4.19,4.58,3.68,,4.26,5.01,3.22,3.87,4.25,6.06,,4.11,2.84,3.19,3.79,,,4.5,6.87,2.47,5.7,6.54,,5.96,2.48,
1988-12-01,2.4,3.84,2.09,0.51,0.84,1.05,0.81,1.65,1.92,,2.09,2.27,1.99,1.86,0.54,2.61,,2.27,1.24,1.48,1.36,,,2.58,2.4,1.6,3.38,1.95,,2.89,2.44,
1989-01-01,2.15,4.74,4.29,2.95,2.4033333333333333,3.93,2.1,6.61,3.88,,6.08,5.27,3.88,3.97,5.47,5.35,,4.61,2.94,4.81,3.87,,,5.89,7.31,4.39,6.27,5.99,,4.73,3.5,
1989-02-01,5.74,6.87,6.07,3.38,2.201111111111111,4.79,3.21,6.91,5.32,,7.22,7.74,3.703333333333333,6.03,5.65,7.84,,7.51,4.26,5.48,5.37,,,7.65,7.81,5.45,7.45,6.74,,6.23,5.2,
1989-03-01,4.3,6.75,4.88,5.0,1.79,4.18,3.96,5.04,4.46,,5.07,5.11,4.5,4.77,7.88,4.96,,5.63,3.33,3.9,3.94,,,5.66,5.36,3.52,5.71,7.84,,4.48,4.5,
1989-04-01,2.95,3.66,2.65,3.48,5.7,3.27,4.2,3.39,3.14,,3.19,4.76,2.01,3.24,3.95,4.74,,3.61,3.16,3.02,3.43,,,3.64,5.17,3.34,4.25,3.64,,3.15,3.06,
1989-05-01,4.79,5.39,5.19,5.6,5.94,6.7,3.99,5.81,4.84,,3.75,7.89,2.7,4.8,4.92,4.52,,6.83,4.19,4.06,3.79,,,5.41,6.68,4.8,8.32,6.74,,4.36,3.92,
1989-06-01,9.28,14.56,12.25,6.05,9.0,10.25,6.21,10.1,9.84,,9.93,10.48,2.6666666666666665,10.53,11.77,13.95,,12.52,10.31,8.72,10.38,,,11.23,9.26,10.1,12.7,10.85,,20.45,7.36,
1989-07-01,7.77,13.9,6.45,8.58,5.06,6.35,6.2,8.2,8.59,,7.0,9.33,3.272222222222222,8.01,9.35,3.7,,7.79,8.85,6.62,10.01,,,7.07,5.02,6.6,8.6,8.18,,6.24,8.81,
1989-08-01,1.78,3.68,4.27,3.77,1.19,1.67,1.97,5.79,4.67,,2.77,3.04,3.8,3.78,3.26,1.79,,6.73,0.93,3.2,3.11,,,4.86,2.34,1.63,3.6,4.71,,5.94,2.42,
1989-09-01,10.19,9.97,7.96,6.13,13.11,5.65,10.3,8.9,7.8,,7.29,8.38,8.12,8.2,6.24,11.51,,9.22,8.99,9.41,5.99,,,9.41,9.84,7.3,10.62,6.61,,7.92,6.38,
1989-10-01,2.42,5.1,4.62,5.43,1.9,2.1,5.85,4.31,6.36,,7.33,5.04,0.33,5.89,4.12,1.79,,6.87,5.56,5.65,6.73,,,4.4,4.86,4.65,4.35,3.53,,3.84,4.57,
1989-11-01,3.87,3.64,2.0,3.72,2.3,3.9,3.51,3.49,5.73,,5.92,6.02,2.9766666666666666,5.46,5.32,5.67,,4.8,4.41,4.81,4.97,,,5.16,7.57,5.01,5.43,6.66,,6.19,5.96,
1989-12-01,5.74,10.05,2.75,4.41,6.5,5.76,5.29,4.02,4.1,,3.99,3.75,5.38,4.47,3.28,4.53,,5.27,5.06,4.78,3.78,,,5.85,5.09,4.52,5.6066666666666665,4.09,,4.32,4.4,
1990-01-01,6.82,8.19,3.92,5.49,4.95,8.02,5.74,8.11,8.36,,8.09,7.82,2.75,8.14,8.68,6.65,,7.62,7.07,7.98,7.63,,,8.95,9.31,8.12,8.01,7.98,,8.6,8.08,
1990-02-01,6.75,8.96,7.15,7.6,6.100370370370371,7.71,7.47,11.4,8.48,,7.56,9.62,7.6,9.06,9.38,13.51,,7.52,8.35,7.62,8.86,,,8.57,13.78,7.2,10.4,11.48,,16.4,8.36,
1990-03-01,9.85,9.99,8.87,6.69,11.15,6.31,8.17,9.57,9.9,,10.18,9.92,6.78,9.35,10.01,9.72,,9.98,8.4,9.61,10.59,,,10.69,10.33,9.16,9.4,10.45,,9.09,9.47,
1990-04-01,1.43,3.44,2.23,1.64,6.916666666666667,2.26,2.15,2.26,2.34,,1.94,3.0,2.87,2.22,2.1,2.37,,2.65,1.48,2.38,2.76,,,2.66,3.24,1.87,2.85,2.27,,2.72,1.86,
1990-05-01,3.49,4.35,4.86,2.47,3.9,3.096666666666667,1.96,3.6,5.01,,6.26,4.12,2.2533333333333334,3.1,3.72,3.5,,4.88,3.87,3.93,2.56,,,5.51,4.72,3.84,5.87,7.11,,7.86,2.71,
1990-06-01,0.95,0.31,0.2,2.47,0.96,0.33,1.93,2.32,0.93,,1.0,1.6,1.19,1.37,1.09,0.72,,0.2,0.28,5.256666666666667,1.98,,,1.21,1.72,0.56,1.92,1.28,,1.09,1.66,
1990-07-01,5.22,8.34,5.52,3.59,2.623333333333333,4.44,6.13,6.27,5.99,,5.98,7.57,2.2,5.64,5.55,5.58,,8.35,4.27,3.12,5.05,,,7.92,11.93,4.12,7.52,5.33,,1.5,4.7,
1990-08-01,4.483333333333333,4.19,6.39,3.78,1.85,5.36,6.21,1.83,3.9,,3.03,2.32,1.22,4.09,4.23,2.63,,2.01,3.01,5.83,3.49,,,3.01,2.51,4.75,4.98,1.94,,3.8,7.67,
1990-09-01,6.45,5.59,6.586666666666666,2.8,3.85,6.33,3.15,4.34,5.94,,8.98,4.51,1.58,3.74,1.02,7.02,,7.82,3.95,4.7,3.37,,,6.73,4.79,4.74,9.64,2.34,,5.52,2.83,
1990-10-01,5.4,7.03,5.41,6.38,6.2,6.09,5.17,3.16,4.24,,5.69,7.26,2.38,3.91,3.37,6.09,,6.62,6.16,5.28,5.46,,,6.75,6.4,4.41,7.5,3.59,,4.12,4.08,
1990-11-01,1.45,2.37,2.47,1.38,1.8,1.66,1.38,2.38,2.38,,2.03,1.86,0.65,2.62,2.31,3.03,,2.01,1.31,2.81,2.13,,,1.76,2.19,2.18,2.15,2.19,,1.46,2.26,
1990-12-01,4.12,7.04,4.49,3.59,4.47,5.36,3.28,6.03,5.14,,4.66,7.65,2.85,3.72,4.16,8.22,,5.71,4.16,4.73,4.34,,,6.2,9.35,4.4,8.0,6.85,,9.44,3.62,
1991-01-01,5.22,7.13,6.4,6.51,4.623333333333334,5.63,6.32,3.57,4.03,,4.79,4.28,3.4766666666666666,4.18,3.28,3.06,,6.41,5.22,5.84,4.41,,,5.84,3.88,5.93,7.41,3.36,,6.15,3.57,
1991-02-01,3.72,3.64,3.26,3.12,4.45,3.39,3.32,4.76,4.42,,4.16,4.38,4.83,4.13,4.85,5.26,,4.21,3.73,4.12,4.72,,,4.75,6.79,3.92,4.95,4.68,,6.13,4.96,
1991-03-01,6.64,9.88,6.54,6.86,9.25,4.17,6.07,6.79,5.77,,6.39,10.18,6.58,6.6,6.93,6.11,,7.68,5.7,6.16,6.15,,,8.3,8.87,6.15,9.22,7.17,,5.33,5.72,
1991-04-01,6.45,6.53,5.32,6.12,4.35,6.59,4.52,4.88,5.36,,4.97,6.24,3.51,5.57,3.98,6.84,,7.95,4.67,5.91,6.18,,,6.73,5.25,6.95,8.71,5.61,,8.22,5.52,
1991-05-01,6.71,6.77,5.08,7.37,12.75,7.25,5.78,4.01,5.73,,6.15,4.94,3.82,5.31,6.68,4.75,,7.22,5.89,5.27,7.08,,,5.616666666666667,4.67,5.42,9.81,5.25,,6.31,6.87,
1991-06-01,7.73,7.27,8.2,5.23,5.883333333333334,3.66,10.94,4.54,4.58,,3.5,4.27,3.58,5.43,4.18,6.55,,6.58,5.52,3.55,5.34,,,3.8122222222222226,5.19,3.58,8.76,3.77,,6.76,4.91,
1991-07-01,5.36,5.44,6.99,12.5,3.94,7.52,6.17,3.43,4.51,,4.37,4.38,5.73,4.45,3.29,3.84,,6.18,4.9,6.73,6.82,,,4.61,3.09,5.07,5.55,3.29,,5.55,5.65,
1991-08-01,6.59,9.22,8.41,5.56,1.9966666666666668,14.12,5.19,5.58,8.17,,10.49,9.03,4.52,5.11,2.84,4.79,,14.2,6.15,8.26,3.33,,,7.7,7.7,6.3,7.24,4.41,,3.31,4.23,
1991-09-01,1.76,2.41,1.25,2.02,2.0155555555555558,1.21,2.22,2.4,5.63,,5.7,2.62,3.51,5.57,4.48,2.73,,2.58,1.24,1.84,4.96,,,2.57,2.29,1.97,3.32,4.75,,3.42,5.54,
1991-10-01,0.14,0.32,0.2,0.14,0.2,0.9,0.12,0.21,0.54,,0.53,0.47,0.34,0.62,0.38,0.16,,0.33,0.29,0.22,0.33,,,0.69,0.25,0.37,0.71,0.31,,0.66,0.18,
1991-11-01,0.7949999999999999,5.22,4.36,1.49,1.0,3.41,1.58,8.56,5.32,,4.83,4.75,5.92,5.46,4.71,5.11,,4.87,2.19,4.18,5.72,,,5.65,5.36,3.62,5.58,4.65,,4.1,6.34,
1991-12-01,3.8783333333333334,5.93,4.2,3.01,4.829999999999999,4.81,3.19,5.15,3.86,,4.53,6.62,5.31,3.62,3.12,7.03,,6.23,3.49,5.01,3.98,,,5.12,8.83,4.5,5.89,5.633333333333333,,4.4,3.53,
1992-01-01,5.272777777777777,4.76,4.19,2.99,6.157777777777778,4.27,3.34,4.01,4.06,,3.96,3.86,4.955555555555555,4.28,5.21,4.55,,4.97,3.41,5.873333333333332,4.27,,,4.82,3.9,4.08,5.1,5.4,,2.63,3.94,
1992-02-01,6.72,7.59,5.82,4.43,9.02,6.19,4.75,7.01,5.87,,6.02,4.61,6.08,6.17,6.12,4.73,,7.63,4.7,6.77,5.9,,,8.76,7.06,5.96,8.7,5.75,,6.08,5.95,
1992-03-01,5.793333333333333,6.51,7.6,4.9,6.723333333333333,6.85,4.14,5.5,4.62,,7.38,6.43,5.72,4.73,3.67,6.33,,7.12,5.64,4.94,4.42,,,7.57,6.653333333333333,6.78,9.02,5.25,,6.26,4.56,
1992-04-01,5.42111111111111,3.92,2.03,2.24,1.9,2.53,1.08,1.9,2.53,,1.8,3.21,1.94,1.96,2.94,3.02,,2.95,1.23,1.05,1.87,,,1.41,4.03,1.07,3.7,3.51,,1.13,2.33,
1992-05-01,4.02,4.44,3.28,3.02,2.23,2.6,1.48,1.95,1.27,,1.89,2.24,3.1,1.66,3.34,1.44,,4.63,2.27,1.87,2.43,,,2.59,1.06,1.6,4.6,1.38,,5.38,1.71,
1992-06-01,4.66,8.87,8.73,5.43,4.056666666666667,9.2,4.39,5.52,4.23,,3.53,6.4,3.54,3.46,4.96,4.433333333333334,,5.45,5.42,3.62,2.68,,,5.44,5.26,5.08,7.14,4.08,,8.7,2.83,
1992-07-01,2.09,4.65,3.78,1.67,5.105555555555555,1.72,4.17,4.24,4.1,,5.39,6.92,5.03,3.81,3.46,5.31,,3.93,5.08,2.94,5.11,,,4.73,5.41,5.97,5.02,6.73,,6.17,6.22,
1992-08-01,10.26,9.12,10.63,6.21,4.807407407407408,10.61,6.19,10.4,4.6,,6.54,8.89,8.43,8.68,10.72,4.93,,8.99,8.47,5.76,7.99,,,7.54,8.52,9.44,8.69,14.54,,6.82,7.37,
1992-09-01,6.66,5.19,3.89,4.48,7.32,3.01,5.72,3.01,2.89,,5.92,5.86,1.84,3.43,5.65,3.28,,8.49,6.41,5.68,2.97,,,5.87,3.14,5.1,8.95,4.86,,5.19,3.09,
1992-10-01,5.31,4.71,3.85,6.05,3.7600000000000002,3.87,2.8,2.51,3.23,,4.876666666666666,5.26,1.09,3.853333333333333,3.56,3.01,,6.05,3.47,4.64,4.04,,,4.32,3.21,4.42,5.26,3.31,,5.29,3.0,
1992-11-01,9.13,14.03,11.43,8.12,2.38,9.74,8.25,9.18,4.746666666666667,,5.9622222222222225,10.73,3.505,7.51,5.64,6.57,,10.14,9.25,8.33,9.14,,,12.34,8.98,8.67,12.92,9.19,,17.48,8.11,
1992-12-01,6.712777777777778,9.85,9.13,5.82,3.6049999999999995,8.45,5.71,6.1,5.69,,8.18,6.82,4.4075,5.826666666666665,5.11,5.68,,9.12,8.11,8.4,6.71,,,9.99,9.5,8.84,9.88,5.65,,14.76,5.75,
1993-01-01,6.371851851851852,9.95,10.16,5.08,4.881388888888889,10.33,4.4,6.18,7.22,,7.7,5.96,4.681527777777777,6.35,5.67,5.19,,8.75,6.99,9.72,7.55,,,9.07,5.46,8.97,8.76,6.05,,11.53,6.35,
1993-02-01,7.13,7.9433333333333325,4.95,4.59,6.950694444444444,5.11,5.01,6.026666666666666,3.0,,6.063333333333333,2.77,5.380763888888889,2.61,2.62,2.04,,4.66,5.15,4.31,3.99,,,4.74,2.63,5.03,4.72,2.82,,6.06,2.88,
1993-03-01,6.461666666666666,6.29,7.31,6.9,6.8370138888888885,7.65,7.35,4.89,4.96,,4.47,7.07,3.7002546296296295,3.71,5.4,4.1,,7.22,6.16,5.01,5.45,,,6.18,4.62,6.41,9.64,6.64,,7.58,4.44,
1993-04-01,5.941388888888888,4.34,3.84,2.29,3.4023379629629633,5.24,2.73,3.38,3.11,,3.78,4.15,1.8800848765432097,2.73,2.78,2.87,,4.21,3.28,3.05,3.36,,,4.07,3.7,3.68,4.41,3.57,,5.193333333333334,3.2,
1993-05-01,4.980694444444444,4.04,4.2,2.96,2.367445987654321,4.78,3.24,2.52,3.16,,2.61,3.5,0.0,2.52,3.69,2.51,,4.8,3.63,4.56,4.87,,,2.52,1.9,4.97,7.77,3.07,,6.87,3.77,
1993-06-01,3.716898148148148,1.81,2.35,2.89,1.47,1.23,1.36,2.04,3.4,,4.05,3.63,1.77,2.72,1.19,1.66,,2.85,1.53,2.63,4.92,,,3.36,2.7,3.01,3.11,1.78,,8.21,1.71,
1993-07-01,2.438966049382716,0.92,1.54,2.42,0.11,2.46,1.54,0.4,0.9,,0.46,0.68,2.716666666666667,1.84,0.41,0.46,,0.92,0.88,1.69,0.79,,,0.83,0.93,1.01,1.16,1.1,,0.97,1.83,
1993-08-01,1.51,3.3,6.14,0.79,2.458703703703704,2.78,2.03,3.78,3.21,,1.69,4.18,4.165555555555556,3.37,4.21,4.01,,5.22,0.93,2.6,3.89,,,2.38,4.49,4.19,7.9,3.42,,4.52,2.33,
1993-09-01,4.046666666666667,6.22,2.24,3.14,5.0895679012345685,4.75,3.23,0.9,2.1,,2.08,3.44,1.35,1.31,1.38,2.04,,2.97,2.73,2.01,0.85,,,2.76,2.94,2.53,3.53,0.67,,1.14,1.99,
1993-10-01,3.97,2.11,2.89,4.35,4.7798559670781895,3.27,3.85,3.67,3.86,,4.07,2.67,2.1033333333333335,3.3,3.29,2.53,,2.53,3.63,4.78,3.59,,,3.07,2.41,3.45,3.17,3.41,,2.48,3.35,
1993-11-01,4.84,5.47,4.77,3.57,5.49,4.27,3.43,2.8,4.18,,4.42,3.9,3.1594444444444445,4.42,2.64,3.42,,5.34,5.51,4.82,3.62,,,6.28,5.07,5.6,5.45,2.6,,3.17,3.39,
1993-12-01,3.39,5.24,2.33,4.35,4.547499999999999,3.59,2.83,3.62,4.68,,4.62,4.57,3.87,3.37,5.55,4.47,,4.04,3.31,4.28,3.05,,,4.69,5.67,3.34,5.7,4.19,,1.61,2.75,
1994-01-01,4.82,8.4,4.49,4.0,4.714444444444444,5.39,3.91,6.21,4.68,,5.766666666666667,7.15,6.46,5.32,3.88,6.47,,6.1,4.56,4.47,4.33,,,7.64,7.35,5.17,7.62,4.78,,2.65,4.09,
1994-02-01,4.54,6.92,4.73,3.31,5.832569444444444,5.12,3.25,4.17,5.0,,4.98,4.65,5.2,5.08,4.46,4.55,,5.75,4.06,5.56,5.53,,,5.73,4.92,5.33,8.186666666666667,4.86,,6.0,3.98,
1994-03-01,7.11,11.24,7.14,4.54,6.334791666666666,7.9,5.88,7.41,7.09,,8.57,8.63,6.85,7.06,6.72,9.18,,8.96,6.57,9.14,7.26,,,9.69,9.79,7.37,12.22,9.01,,11.18,5.77,
1994-04-01,2.9,5.18,4.19,1.28,4.868564814814815,3.56,3.03,6.01,6.8,,4.81,6.28,4.72,6.63,4.77,6.4,,4.37,3.01,3.59,4.2,,,4.83,6.55,3.08,6.5,5.1,,7.43,4.35,
1994-05-01,4.293564814814815,2.29,3.29,2.24,3.618005401234568,3.1,1.96,2.9,2.58,,2.89,2.88,1.7,4.21,3.76,3.52,,3.55,3.0,3.89,2.32,,,3.62,3.05,3.34,3.27,3.78,,4.74,3.45,
1994-06-01,4.336820987654321,13.19,6.77,15.02,2.544002700617284,6.44,13.25,5.15,5.29,,6.03,8.51,5.4,7.69,3.23,9.64,,10.58,9.82,6.62,6.15,,,7.75,7.49,5.74,9.87,7.98,,8.57,7.82,
1994-07-01,5.0,9.73,6.81,5.76,1.327001350308642,4.15,8.77,4.92,4.37,,6.27,5.22,3.772222222222222,4.4,5.56,9.94,,4.54,3.76,6.36,6.72,,,5.82,7.79,7.46,9.71,6.03,,7.05,5.05,
1994-08-01,7.56,10.66,9.94,11.85,1.892852527006173,12.25,7.37,4.93,6.9,,2.74,6.14,3.2,3.23,1.94,3.22,,10.09,8.49,5.38,6.57,,,6.26,4.11,7.95,10.83,5.08,,5.76,1.88,
1994-09-01,3.39,8.493333333333332,2.53,2.96,3.491210214120371,3.67,4.28,5.51,3.8,,2.92,2.21,2.15,3.71,6.33,2.25,,4.03,3.67,2.68,4.08,,,5.13,2.12,4.14,4.93,8.12,,5.48,4.26,
1994-10-01,6.28,8.6,9.14,6.92,4.13553309059928,8.39,6.68,3.85,4.99,,3.9,5.29,2.126666666666667,3.81,4.7,6.86,,7.83,6.55,4.54,4.06,,,7.07,7.0,6.99,7.13,7.39,,7.16,4.77,
1994-11-01,2.39,5.13,2.13,2.83,4.81276654529964,2.78,3.52,2.37,2.94,,2.86,2.86,2.6430555555555557,3.04,3.52,2.94,,3.9,2.29,2.73,3.19,,,3.56,2.96,2.7,4.58,3.36,,3.1,2.04,
1994-12-01,4.116666666666667,4.53,3.12,2.68,4.68013327264982,3.3,1.94,2.67,2.26,,2.06,2.6,3.256527777777778,2.03,3.22,3.47,,3.55,1.96,2.53,2.26,,,3.26,3.27,2.47,4.15,3.38,,3.2,1.96,
1995-01-01,5.1688888888888895,8.32,5.57,4.15,3.7581925723647545,6.08,4.88,11.08,3.62,,4.24,7.14,4.858263888888889,3.99,2.88,5.58,,7.19,5.0,3.91,4.27,,,6.98,5.62,4.59,7.92,3.92,,2.87,3.32,
1995-02-01,6.57,9.36,7.75,5.72,3.8235873389364,6.66,6.39,6.196666666666666,4.153333333333333,,5.53,5.2,4.192754629629629,5.47,4.72,5.96,,6.71,6.94,8.3,7.46,,,6.52,7.62,8.27,8.61,5.03,,2.37,4.75,
1995-03-01,3.47,4.97,2.84,3.79,1.88,3.48,2.61,5.648888888888888,3.84,,3.54,4.15,4.520918209876543,4.25,3.73,2.81,,3.27,3.22,4.87,4.23,,,3.76,4.08,3.5,4.11,4.61,,4.11,3.98,
1995-04-01,1.78,2.39,2.41,0.96,1.09,2.49,3.02,3.34,3.41,,3.71,2.47,2.52,4.05,3.49,2.48,,3.61,1.54,2.93,3.85,,,3.22,3.15,2.07,3.19,3.3,,3.48,3.6,
1995-05-01,4.12,3.75,3.11,2.22,3.28,3.62,4.33,3.98,4.12,,3.27,3.05,1.9733333333333334,2.95,1.66,2.92,,3.3,3.05,2.59,2.4,,,3.19,3.38,3.29,4.43,2.63,,2.92,2.33,
1995-06-01,6.89,6.88,4.82,4.27,2.8013342335390945,10.19,6.54,3.31,2.84,,3.9,7.34,3.0244444444444447,4.17,2.32,3.87,,5.63,5.9,7.43,3.16,,,10.34,5.76,5.06,7.45,5.67,,1.88,4.21,
1995-07-01,0.91,3.03,0.73,2.03,2.58,0.98,2.28,1.65,2.14,,4.36,4.17,1.7,2.07,2.19,2.55,,3.4,0.79,0.67,4.31,,,2.47,3.51,1.22,2.73,5.01,,2.16,3.86,
1995-08-01,10.16,11.31,10.95,9.97,9.51,9.63,7.22,6.5,4.2,,6.75,7.28,1.32,8.03,1.45,2.98,,11.69,7.6,4.53,8.89,,,9.81,7.6,7.8,12.32,3.21,,3.56,5.12,
1995-09-01,1.74,2.75,1.51,2.64,1.68,2.11,3.41,2.4,3.56,,4.23,2.55,3.65,2.84,4.73,6.53,,3.25,2.53,3.07,3.7,,,2.64,3.88,1.66,3.18,4.58,,3.94,3.33,
1995-10-01,9.8,10.37,10.73,7.18,2.6818443635330933,9.25,7.29,5.96,10.8,,6.93,8.89,3.45,7.69,10.8,6.64,,10.46,10.44,8.36,9.58,,,9.09,8.13,10.25,9.26,10.37,,8.15,6.51,
1995-11-01,5.7,5.93,5.91,7.14,3.241536969610911,7.19,5.03,4.15,6.05,,7.06,5.28,2.24,5.69,6.15,6.24,,7.44,6.11,7.0,5.38,,,8.64,7.18,7.1,8.31,5.67,,6.5,5.61,
1995-12-01,2.17,3.51,3.43,2.29,2.23,3.2,2.52,2.76,2.8,,3.62,2.71,2.7482638888888893,2.77,3.21,3.1,,3.34,2.76,2.93,2.99,,,3.95,3.6,2.82,4.12,3.0,,1.67,2.71,
1996-01-01,2.49,12.63,9.63,5.98,5.54,8.8,6.71,7.69,8.54,,9.11,10.95,3.803263888888889,8.44,8.77,8.55,,12.35,6.76,9.65,9.4,,,13.02,12.35,9.46,8.946666666666667,8.3,,8.01,7.54,
1996-02-01,2.09,4.82,6.33,3.76,6.067862446312134,5.29,3.2,3.47,3.79,,4.17,4.1,3.998009259259259,2.96,3.86,3.07,,4.85,4.02,4.45,5.03,,,4.29,3.19,4.63,10.785555555555556,3.01,,2.56,2.78,
1996-03-01,10.03,7.56,10.41,8.23,8.84,9.39,6.9,5.74,7.38,,9.49,5.9,3.3196424897119337,7.92,8.47,8.66,,9.38,10.23,8.88,8.76,,,10.03,9.25,12.0,14.8,9.71,,10.39,6.55,
1996-04-01,4.55,4.39,4.62,3.53,4.12,6.54,3.35,4.62,3.27,,4.63,4.76,2.426547496570645,3.07,3.33,5.13,,4.81,3.7,5.48,3.6,,,5.45,5.62,4.33,5.64,3.59,,4.25,2.56,
1996-05-01,3.26,4.62,5.01,3.19,3.76,3.98,2.08,2.15,2.12,,2.42,5.37,1.44,2.54,3.5,4.91,,2.95,2.31,2.94,2.2,,,3.34,4.71,2.24,10.27,3.01,,2.47,3.43,
1996-06-01,1.91,6.53,3.28,1.61,1.42,3.81,2.99,2.8866666666666667,1.92,,3.4,5.75,2.33,2.82,4.16,8.27,,3.81,3.08,3.14,2.05,,,4.33,3.33,2.73,4.73,5.32,,2.87,3.67,
1996-07-01,5.14,5.5,1.61,2.7,3.39,2.49,4.53,3.2,4.08,,1.99,3.61,1.64,4.55,3.56,5.54,,3.55,2.24,3.26,2.62,,,3.23,4.26,3.23,4.73,3.55,,4.3,2.87,
1996-08-01,5.36,6.91,5.31,1.17,2.92,6.55,3.88,4.11,5.31,,3.59,3.94,2.65,5.46,4.81,4.18,,5.73,2.98,3.45,9.67,,,5.31,5.4,3.04,7.46,6.8,,5.33,9.76,
1996-09-01,4.06,5.49,3.35,3.73,4.63,6.58,3.76,2.43,5.05,,3.37,5.96,3.72,5.22,5.93,5.01,,6.36,3.52,4.37,4.81,,,6.32,6.01,6.0,7.85,5.85,,8.31,5.51,
1996-10-01,1.95,1.65,0.94,1.92,3.04,1.84,0.8,2.63,1.37,,1.8,1.12,0.51,1.35,1.9,1.51,,1.52,0.98,1.12,1.67,,,1.46,2.16,1.51,2.05,1.74,,0.98,1.64,
1996-11-01,2.63,5.67,2.73,3.83,2.6,3.33,3.95,3.6566666666666667,4.293333333333333,,4.59,5.62,3.0,4.11,4.03,6.86,,4.56,3.1,4.39,4.17,,,4.28,5.78,3.72,6.73,4.64,,7.26,3.42,
1996-12-01,3.83,7.07,4.06,3.41,3.65,4.51,3.34,4.19,5.46,,4.9,5.75,2.25,4.13,4.85,3.21,,6.52,3.39,4.2,4.29,,,7.6,6.18,4.3,5.476666666666667,3.41,,3.27,3.54,
1997-01-01,6.58,8.22,6.59,5.19,4.43,7.23,5.23,5.22,6.22,,6.63,5.98,2.55775462962963,6.64,6.81,5.56,,6.92,4.11,6.78,8.68,,,7.33,5.73,7.26,6.667777777777778,5.87,,9.67,5.61,
1997-02-01,6.76,6.63,5.72,5.98,6.15,5.5,7.72,3.49,5.7,,6.45,5.2,2.7252546296296294,6.9,5.18,4.75,,6.09,8.09,6.42,7.0,,,6.11,5.85,6.35,5.58,5.06,,8.02,4.6,
1997-03-01,4.69,7.83,5.02,4.45,3.32,5.87,1.66,5.4,4.41,,5.63,7.07,1.62,4.11,3.28,7.1,,4.96,3.08,5.11,5.81,,,5.41,8.77,4.05,6.02,5.05,,9.53,4.34,
1997-04-01,4.37,8.62,6.43,3.87,5.0,5.57,3.99,6.16,4.28,,4.07,6.25,4.64,4.94,6.12,6.11,,5.57,5.07,6.25,4.72,,,5.04,5.55,5.47,5.59,5.66,,5.91,5.63,
1997-05-01,3.4,5.63,3.96,3.26,2.92,4.55,2.79,4.16,3.23,,4.36,4.19,2.25,3.74,5.21,7.16,,4.74,4.13,4.32,4.05,,,4.32,6.18,3.77,6.35,4.39,,4.78,3.84,
1997-06-01,3.0366666666666666,15.21,3.65,4.62,3.69,3.58,5.01,3.5233333333333334,6.71,,6.59,4.26,3.8,5.55,5.59,3.93,,3.49,6.33,7.45,6.94,,,4.47,7.45,6.1,4.95,9.18,,7.15,6.9,1.34
1997-07-01,3.8,4.39,8.0,4.15,4.41,6.89,4.88,4.001111111111111,4.68,,7.85,3.03,2.43,4.46,4.24,4.4,,8.36,5.69,6.81,6.89,,,5.47,4.71,4.7,6.78,4.51,,4.8566666666666665,4.56,1.34
1997-08-01,4.28,5.3,0.96,1.26,0.78,0.74,1.55,4.463703703703704,1.52,,1.53,1.57,0.32,1.97,2.68,2.82,,1.58,1.75,2.75,1.69,,,1.96,2.0,1.12,1.43,2.4,,3.12,1.42,1.34
1997-09-01,3.68,7.23,4.64,5.99,4.87,4.12,6.79,5.28,8.1,,5.94,6.97,4.32,8.91,8.59,5.51,,9.06,5.35,6.33,8.53,,,8.03,4.67,5.26,6.47,8.11,,4.17,8.34,7.28
1997-10-01,6.46,8.01,8.2,4.93,4.22,8.69,7.75,10.61,5.48,,7.05,4.99,5.12,5.37,5.24,5.34,,9.12,5.04,7.22,3.23,,,9.2,6.59,5.93,8.51,9.55,,4.51,4.44,6.81
1997-11-01,2.5,3.55,2.81,4.06,6.04,3.9,3.52,3.35,4.08,,3.63,3.39,2.25,4.16,3.68,2.2,,4.2,4.88,3.56,3.96,,,5.05,3.37,3.36,4.73,3.58,,4.22,3.58,4.7
1997-12-01,4.95,6.35,5.06,6.1,5.29,5.32,5.91,3.69,2.86,,4.39,3.97,2.283333333333333,3.71,4.346666666666667,2.66,,6.65,4.92,4.46,3.56,,,4.78,4.25,4.33,6.422222222222222,3.34,,3.63,3.29,6.12
1998-01-01,7.68,11.85,9.07,9.0,7.37,10.0,5.87,4.84,4.99,,5.0,9.09,2.35,4.27,4.51,4.78,,8.77,7.32,6.29,5.26,,4.26,6.84,6.29,6.77,9.06,4.98,,6.18,4.17,6.67
1998-02-01,8.53,11.45,10.89,8.59,9.49,11.6,7.72,8.34,6.82,,6.63,7.23,4.16,7.69,8.84,5.67,,10.77,10.19,7.33,7.8,,4.26,8.01,5.94,10.0,9.93,8.17,,9.3,8.03,9.03
1998-03-01,3.54,6.88,5.57,4.56,4.51,4.67,4.99,6.11,4.99,,4.56,5.72,3.02,4.9,5.51,5.87,,6.45,4.12,5.62,5.51,,4.26,3.28,5.87,5.17,7.19,5.03,,8.15,4.31,5.34
1998-04-01,9.82,9.79,8.86,9.3,11.37,8.7,10.92,9.27,8.05,,8.1,9.05,1.57,7.64,7.36,9.08,,10.86,10.09,11.43,9.14,,9.65,11.53,10.59,9.02,10.53,9.68,,9.02,8.79,9.21
1998-05-01,4.94,4.68,4.18,4.55,5.58,3.29,3.08,4.37,3.83,,3.42,3.06,0.74,8.37,5.35,1.08,,4.08,3.5,6.04,3.49,,4.89,5.14,1.9,4.43,3.29,2.62,,3.19,2.76,4.55
1998-06-01,3.37,4.29,3.73,5.91,3.57,3.12,1.95,4.39,3.28,,2.13,6.57,1.65,3.68,5.67,5.69,,3.34,2.99,3.54,4.48,,2.51,3.04,5.75,2.86,4.58,6.06,,5.58,3.92,2.38
1998-07-01,2.15,1.5,2.98,4.21,1.49,1.46,2.38,3.36,3.85,,3.49,3.39,2.36,3.21,7.12,1.9,,1.45,3.05,3.38,5.31,,2.72,1.51,1.61,3.41,2.06,4.63,,2.6,4.25,1.56
1998-08-01,2.18,3.53,3.99,2.06,1.89,3.1,2.62,3.0,2.86,,4.75,3.64,0.51,3.94,1.5,3.58,,4.67,7.2,6.71,2.83,,1.64,7.36,3.63,6.64,4.02,2.56,,1.77,6.97,2.62
1998-09-01,2.88,2.8,1.99,2.57,3.16,3.26,4.46,0.75,1.14,,1.77,3.05,0.87,0.88,0.09,0.49,,1.6,1.47,2.75,1.1,,5.44,2.08,0.66,0.38,6.28,0.28,,0.43,0.56,5.37
1998-10-01,0.51,3.42,3.61,0.99,1.5,7.6,2.3,1.61,1.4,,1.45,2.3,0.0,2.18,1.1,0.9,,1.79,2.97,0.51,1.35,,1.54,2.14,0.22,0.83,1.62,3.32,,0.34,1.4,2.03
1998-11-01,2.13,5.37,2.64,2.49,2.66,3.13,2.06,4.04,4.13,,5.32,4.97,0.71,3.43,3.5,4.4,,4.01,2.71,4.4,4.03,,2.84,4.79,6.62,4.29,4.16,4.33,,4.55,3.59,2.25
1998-12-01,4.55,5.05,3.81,2.48,3.58,4.78,1.85,6.11,4.65,,5.2,5.01,1.9,4.83,5.25,6.93,,7.37,4.09,4.12,3.81,,3.17,5.803333333333334,6.42,4.42,5.52,7.18,,8.85,4.73,2.33
1999-01-01,1.69,6.99,3.99,4.64,4.05,5.43,5.45,6.77,4.56,,6.8,6.94,4.02,6.03,6.26,7.68,,6.62,5.64,4.99,5.38,,4.57,7.84,7.48,5.58,9.01,5.38,,7.4,5.27,4.54
1999-02-01,4.199999999999999,7.81,3.96,4.79,5.6499999999999995,4.0,2.74,3.83,4.04,,4.68,5.35,3.27,4.04,3.9,5.06,,5.08,3.72,3.75,4.75,,4.48,5.07,5.98,4.11,7.753333333333333,4.21,,5.2,4.25,4.44
1999-03-01,2.38,4.29,3.99,2.45,3.41,2.59,2.75,3.26,2.88,,2.08,3.19,3.61,2.99,3.79,2.65,,2.91,2.88,2.3,3.51,,2.53,2.11,2.47,2.15,4.32,3.57,4.29,3.23,2.97,2.49
1999-04-01,3.37,4.62,3.17,4.58,3.16,4.04,2.51,2.1,1.59,,4.8133333333333335,2.69,1.76,1.96,2.51,4.35,,3.54,2.43,1.49,1.6,,3.83,3.4,4.04,2.62,5.4,3.21,4.29,7.06,3.39,3.39
1999-05-01,2.06,5.67,2.86,3.66,2.84,1.61,1.16,5.34,5.62,,4.26,5.22,2.28,4.18,2.6,4.11,,4.21,2.66,3.36,4.25,,3.42,5.2,5.8,3.05,3.77,5.05,4.29,3.75,3.95,2.03
1999-06-01,5.4,4.94,7.69,4.95,8.12,9.44,6.95,4.63,3.88,,4.03,4.85,6.51,4.51,9.39,3.65,,9.1,4.13,3.96,5.27,,3.31,6.13,5.91,4.79,4.366666666666666,9.54,8.28,5.42,7.71,7.67
1999-07-01,3.51,3.31,3.15,5.08,2.29,3.79,3.49,11.62,5.67,,3.066666666666667,4.17,4.75,5.86,3.83,9.75,,3.06,2.36,5.22,4.83,,2.52,5.82,5.99,4.7,4.75,8.19,4.98,5.18,2.23,4.43
1999-08-01,2.2,4.36,3.83,3.29,3.3766666666666665,1.97,4.09,2.95,1.44,,1.68,2.28,2.87,1.65,1.52,1.04,,1.26,1.79,0.87,0.69,,2.6,2.07,2.44,2.79,1.42,1.98,1.61,0.6,3.58,4.77
1999-09-01,0.98,3.53,2.94,2.16,4.162222222222223,1.82,3.29,1.16,1.4,4.96,2.08,1.48,2.03,1.25,0.78,2.34,,3.11,2.95,2.76,1.06,,2.89,1.98,1.71,2.13,3.7,0.98,3.12,0.96,1.42,4.0
1999-10-01,4.64,8.44,11.95,2.53,5.95,8.92,3.78,5.19,4.35,4.96,7.59,4.84,1.5266666666666666,4.63,3.66,2.1,,10.11,4.51,5.95,3.75,,4.69,9.42,4.18,4.48,1.49,4.2,7.73,2.66,4.47,3.52
1999-11-01,2.95,6.3,5.45,2.05,2.31,4.4,2.7,2.3,2.74,4.96,4.993333333333333,3.96,2.55,2.3,1.91,2.76,,5.42,4.09,3.98,2.79,,3.16,3.6,2.89,4.2,4.05,1.77,6.87,2.85,1.92,2.94
1999-12-01,2.72,4.16,3.33,2.32,2.62,2.75,2.54,2.05,2.9,2.28,2.07,2.28,2.09,2.34,1.34,1.65,,3.03,2.53,1.96,2.71,,2.85,2.82,2.44,2.06,4.39,1.22,2.9,1.13,1.54,2.84
2000-01-01,4.67,5.38,5.75,5.3,2.6733333333333333,5.38,4.48,4.6,4.69,4.88,6.13,4.54,2.4699999999999998,5.32,4.2,4.06,,6.62,5.17,5.02,4.95,,4.81,8.52,6.28,6.08,3.6,3.89,6.58,4.09,4.11,5.59
2000-02-01,1.66,2.77,2.24,1.88,1.35,2.65,1.99,2.8,2.18,1.75,2.45,1.69,1.3,2.09,2.27,2.74,8.96,2.68,1.9,1.75,2.56,3.92,1.37,2.85,2.05,1.98,2.54,2.13,2.55,3.25,1.81,2.03
2000-03-01,4.81,5.94,5.57,2.02,4.76,5.27,3.41,4.98,3.83,5.15,4.12,4.77,3.69,3.9,4.11,4.33,8.96,5.37,4.42,4.44,3.87,3.92,3.71,5.53,4.52,5.58,5.21,4.94,4.81,7.59,4.03,3.43
2000-04-01,5.27,6.85,4.98,2.12,4.24,3.94,1.7,7.21,4.88,3.52,5.63,6.7,4.96,4.59,6.73,6.53,8.96,5.3,4.19,3.21,4.36,3.92,3.07,5.65,7.77,3.58,7.87,8.32,6.26,6.37,4.86,2.01
2000-05-01,1.15,3.85,1.04,3.03,0.29,0.93,2.16,1.77,2.36,1.0,2.57,1.75,2.15,2.53,3.07,3.78,1.71,2.39,1.15,2.08,1.75,2.31,0.74,2.51,3.1,4.0,2.47,1.4,1.52,2.08,3.01,3.09
2000-06-01,3.89,2.72,2.67,5.28,2.39,3.93,1.98,3.3,1.38,3.31,2.81,5.34,3.76,2.1,3.6,7.32,4.35,3.79,8.28,3.05,2.15,1.46,2.87,3.12,6.4,2.07,3.45,2.48,4.32,3.87,3.32,2.92
2000-07-01,1.81,4.61,1.84,4.15,1.05,2.76,3.36,2.53,2.78,1.06,1.15,2.67,3.73,2.91,2.27,1.71,5.52,1.64,3.67,0.79,2.49,3.59,0.57,1.61,2.44,1.69,3.23,3.59,2.56,2.35,3.4,2.29
2000-08-01,1.82,3.43,4.78,7.77,5.92,3.61,3.67,4.51,3.5,6.7,7.53,3.19,3.87,4.04,3.06,2.98,4.04,3.37,7.11,6.55,4.28,5.75,7.07,1.8399999999999999,3.92,6.89,3.34,3.793333333333333,2.5,4.41,4.24,5.02
2000-09-01,4.76,5.08,5.09,4.93,5.69,4.8,4.81,5.05,9.53,5.49,10.44,3.51,4.86,10.17,1.7966666666666666,5.5,2.075,4.06,3.3666666666666667,8.03,8.27,8.79,4.6,1.91,7.24,6.95,6.76,5.81,3.79,0.6,10.26,5.02
2000-10-01,0.09,0.07,0.0,0.01,0.0,0.12,0.23,0.61,0.54,0.0,0.12,0.21,0.62,0.7,1.55,0.13,0.11,0.19,0.04,0.18,0.92,7.685,0.03,5.665,0.33,0.12,1.86,0.19,0.75,0.69,0.39,0.2
2000-11-01,4.95,6.83,5.56,4.8,5.36,5.44,4.2,6.49,5.73,4.2,6.69,6.05,6.5,6.08,11.13,8.2,7.72,6.87,3.64,5.48,6.85,6.58,4.96,4.6325,6.73,4.94,3.186666666666667,7.28,7.38,6.43,6.27,4.96
2000-12-01,2.48,3.13,2.45,3.62,2.81,2.18,3.46,2.52,1.76,1.62,1.56,2.27,2.15,4.6466666666666665,5.536666666666666,1.71,6.404999999999999,3.49,3.085,2.23,1.86,2.43,3.06,3.7262500000000003,4.0,2.58,3.65,2.04,3.31,3.186666666666666,1.9,3.75
2001-01-01,3.84,5.99,4.05,2.58,3.05,3.93,2.75,5.55,4.73,3.78,5.69,5.6,4.87,5.52,4.14,4.74,5.7475,5.71,4.1274999999999995,4.78,5.24,3.2199999999999998,3.29,6.123125,6.35,4.36,5.91,5.01,5.85,2.0,4.64,6.44
2001-02-01,1.83,4.27,3.1,2.52,4.2,2.87,3.03,4.14,4.87,2.3,3.74,3.77,5.38,4.81,5.04,4.53,5.09,4.15,3.01375,3.73,4.42,4.01,2.95,4.4865625,4.48,3.38,4.8,4.26,4.23,4.55,3.95,3.7
2001-03-01,7.41,7.57,7.58,8.15,7.02,6.94,8.58,7.31,6.96,6.26,7.79,5.67,7.81,7.93,8.71,6.39,6.2,6.84,3.716875,7.71,8.54,3.965,8.51,5.00828125,5.78,7.84,5.1466666666666665,9.45,6.37,6.98,7.47,9.25
2001-04-01,1.55,0.94,2.16,1.73,1.75,1.34,1.83,1.95,2.57,1.42,2.4,1.86,2.79,1.9,3.64,1.98,2.63,1.79,3.9534375,2.41,1.98,4.045,1.55,5.329140625,2.37,1.45,6.148888888888888,2.47,1.9,2.02,2.1,2.14
2001-05-01,2.93,5.9,2.96,3.98,3.18,3.07,3.03,5.43,5.16,3.15,5.723333333333333,4.5,4.46,4.91,5.88,6.4,3.59,5.63,2.55171875,3.98,4.16,3.535,2.66,3.9195703125,5.38,5.12,5.43,5.7,4.68,4.17,5.75,2.54
2001-06-01,3.63,5.88,7.86,6.93,4.39,6.06,5.14,7.87,9.5,4.03,12.2,8.82,6.37,5.59,5.93,4.9,6.47,4.93,5.415859375,5.0,5.89,4.25,4.89,3.51978515625,5.64,9.88,5.01,9.66,5.15,5.5,5.3,6.49
2001-07-01,1.9533333333333331,7.61,4.26,5.69,8.07,4.66,10.38,9.42,7.35,2.41,4.13,3.78,11.94,7.54,5.52,9.31,5.47,3.4,3.518619791666667,10.2,7.05,3.92,8.59,2.5648925781250003,3.28,9.28,6.7,5.27,5.18,3.0,5.8,10.82
2001-08-01,0.42,6.02,1.53,1.81,0.37,3.06,0.85,2.17,1.06,2.14,2.04,2.97,1.09,1.24,2.91,3.23,4.7,2.07,4.032873263888889,3.55,1.66,3.59,0.7,2.2024462890625003,5.87,3.46,3.48,4.09,4.18,2.51,1.44,0.82
2001-09-01,4.02,5.36,1.95,2.62,3.28,3.2,1.57,2.94,3.47,2.18,5.27,6.57,2.99,3.11,3.87,3.76,4.59,4.55,1.47,4.05,2.83,4.493333333333333,1.69,2.05622314453125,3.58,2.98,4.76,3.62,5.22,3.4,3.38,2.07
2001-10-01,1.31,2.76,2.55,0.77,1.05,1.51,0.42,2.26,1.69,1.4366666666666668,2.32,2.59,1.94,1.59,2.12,1.28,2.41,2.22,1.24,1.68,2.08,1.1,1.39,3.860611572265625,1.91,1.75,2.11,2.83,2.52,1.76,1.39,0.27
2001-11-01,1.49,2.65,2.37,1.12,1.4,2.26,0.65,2.73,1.59,2.13,0.37,2.48,1.82,1.6,1.68,2.79,5.42,2.14,1.64,1.49,1.16,0.75,0.82,4.246555786132813,3.13,1.59,2.64,3.33,2.31,4.8,1.78,0.75
2001-12-01,2.91,3.87,3.3,1.85,2.24,3.24,1.49,4.21,1.88,2.6,3.72,2.87,3.28,2.61,4.535555555555555,4.16,4.52,3.57,2.92,3.21,2.63,1.59,2.29,3.9864028930664066,4.62,3.18,2.9433333333333334,3.76,3.97,3.993333333333333,2.91,1.86
2002-01-01,6.46,5.9,6.23,5.1,3.856666666666667,5.9,4.51,6.13,5.95,6.64,5.83,6.5,7.3,6.02,6.39,6.32,6.04,6.42,7.21,6.55,6.66,3.9766666666666666,5.96,5.054763946533203,7.13,6.67,3.797777777777778,6.69,7.02,2.9966666666666666,5.78,5.31
2002-02-01,2.17,2.24,1.83,2.39,4.778888888888889,1.86,2.25,2.04,1.85,1.44,1.96,1.62,2.16,2.17,1.8,2.16,2.05,2.14,5.587916666666666,1.99,1.94,5.035555555555555,2.6,4.7706632232666015,1.87,2.01,2.54,1.75,2.21,3.7733333333333334,1.76,2.63
2002-03-01,7.62,7.44,6.71,7.45,6.28,7.01,6.53,6.42,7.62,6.03,3.546666666666667,6.66,7.21,8.34,7.91,6.12,3.0833333333333335,6.7,6.54,3.826666666666666,6.86,7.12,5.83,4.889472236633301,6.59,7.12,8.26,8.31,7.06,5.376666666666667,7.03,7.13
2002-04-01,2.62,2.97,2.0,2.05,1.17,2.18,1.64,1.47,2.89,1.33,0.89,2.22,1.32,1.85,1.2,1.34,1.0,1.85,1.68,1.78,1.36,5.5825,1.55,5.10930643081665,3.66,1.16,1.98,1.72,1.78,2.9822222222222226,1.61,1.73
2002-05-01,6.12,4.64,4.28,3.85,6.1,4.33,3.17,4.52,5.4,4.47,3.59,6.36,7.11,6.5,4.54,6.45,8.0,5.17,4.14,4.88,3.8,4.55875,4.66,4.514438371658325,4.31,4.88,5.51,6.71,5.46,2.900740740740741,5.65,3.5
2002-06-01,2.87,4.36,2.47,1.38,1.8,1.43,4.77,3.7,2.34,1.61,2.96,1.13,3.7,3.33,2.99,3.73,0.37,1.68,2.77,2.37,2.66,4.404375,2.81,4.017111763954162,3.97,1.6,4.89,4.3,3.14,1.55,2.9,3.31
2002-07-01,1.74,4.79,1.82,2.51,1.79,1.7,2.26,2.91,5.29,1.71,2.93,4.62,2.28,4.52,4.91,3.32,2.48,3.47,2.18,4.83,5.73,4.1621875,1.94,3.2910021710395814,2.02,1.06,5.413333333333334,8.1,4.173333333333333,2.275,6.42,1.58
2002-08-01,2.84,5.586666666666666,3.78,1.8,2.48,2.97,0.14,1.92,2.71,2.17,2.31,2.4,2.8,5.81,1.47,3.33,3.72,1.25,3.21,1.92,2.45,3.87609375,1.29,2.746724230051041,1.72,2.03,4.65,3.54,4.2,2.3925,3.28,1.06
2002-09-01,10.64,5.632222222222222,11.09,5.8,8.96,12.81,7.47,8.44,5.1,11.02,6.48,6.85,6.48,5.24,6.96,6.55,9.64,9.33,9.88,8.9,7.81,4.1847135416666665,8.09,2.4014736872911455,9.44,8.9,9.42,7.03,4.923333333333333,2.89625,10.06,8.68
2002-10-01,4.53,5.95,5.93,3.48,3.81,5.75,3.29,6.87,7.21,5.37,6.16,2.36,7.82,5.55,5.78,3.9,3.05,5.91,5.51,7.3,5.62,2.6423567708333335,3.55,3.1310426297783853,4.49,6.76,5.17,4.833333333333333,5.35,2.328125,4.93,4.01
2002-11-01,5.59,5.496666666666666,6.12,5.17,5.73,5.42,4.82,4.56,5.54,6.1,0.37,4.38,5.52,5.8,5.21,4.34,5.48,7.06,6.1,7.71,6.48,1.6961783854166668,5.88,3.688799207955599,5.26,7.24,8.17,4.64,7.6,3.2227083333333333,5.18,4.55
2002-12-01,8.29,7.89,6.09,4.56,7.53,3.6133333333333333,5.44,7.9,7.82,7.16,7.73,5.9,8.81,5.67,8.81,7.62,7.2,9.17,8.12,8.64,9.23,2.5887261284722225,6.27,3.8376010505110028,6.05,8.21,8.71,8.05,8.62,3.252013888888889,7.52,6.02
2003-01-01,2.9,7.46,2.54,2.5,2.45,2.18,1.74,2.68,3.02,2.51,3.09,3.43,1.9,2.85,1.53,2.15,2.6,2.57,2.42,3.08,2.17,3.68179759837963,2.27,4.446182498522103,3.0,2.83,3.6,2.95,2.76,2.54,2.17,2.61
2003-02-01,4.32,8.59,7.07,4.7,5.52,6.98,4.54,5.94,4.84,6.12,8.05,6.28,5.26,5.12,7.59,7.0,8.43,7.95,5.65,6.76,4.6,4.48,5.49,4.608422860894352,7.06,6.17,7.68,7.26,7.51,3.2544444444444447,4.72,5.21
2003-03-01,5.69,5.82,7.15,7.33,7.98,6.79,5.67,4.42,4.52,5.63,4.75,2.61,5.12,4.31,5.27,3.03,2.94,5.54,6.06,5.85,6.0,7.38,6.58,4.748947548763827,3.35,5.91,4.68,5.01,4.59,3.45,4.03,7.17
2003-04-01,4.6,7.93,5.35,4.43,4.66,5.99,2.5,3.82,6.37,5.88,3.33,6.34,3.96,5.75,4.27,5.84,4.13,7.02,6.26,4.41,4.19,7.834166666666666,5.62,4.929126989790238,6.38,5.34,6.51,5.07,5.64,2.82,4.82,3.67
2003-05-01,5.21,6.77,6.06,7.41,6.69,5.74,7.98,12.9,8.51,5.24,8.7,10.01,5.136666666666667,8.6,9.01,12.75,11.27,6.7,6.64,8.64,10.85,10.54,7.62,4.7217826807242815,11.12,8.26,6.8,11.33,7.1,4.083580246913581,10.24,10.11
2003-06-01,4.33,6.91,7.19,5.2,4.33,6.49,5.98,4.53,6.26,5.6499999999999995,6.67,4.83,4.34,6.38,6.06,8.8,7.51,6.28,5.87,7.67,5.21,7.4721874999999995,4.51,4.369447222339222,5.71,6.92,9.5,5.9,9.1,6.53,3.52,6.37
2003-07-01,4.91,9.51,11.73,7.64,9.51,9.7,8.27,7.34,10.15,10.1,8.62,6.4,8.98,7.87,14.83,8.54,6.24,8.32,5.78,8.82,7.43,4.7714583333333325,6.64,3.8302246966894016,11.03,8.32,9.54,7.57,12.84,7.75,10.34,7.9
2003-08-01,5.42,10.31,3.57,3.45,4.9,4.92,3.41,4.8,4.54,4.02,4.96,8.21,4.39,2.67,3.5,4.58,3.88,5.91,3.15,4.13,2.75,3.775850694444444,2.8,3.288474463370221,5.68,4.41,6.15,3.3,6.61,5.78,2.94,4.47
2003-09-01,1.98,9.25,3.34,1.53,1.84,3.34,1.69,4.04,2.43,1.67,2.27,5.72,3.71,2.6,2.25,4.72,4.74,4.02,3.86,3.52,1.97,2.68,3.27,2.8449740753306836,6.98,4.12,5.05,2.93,3.73,4.02,2.04,2.0
2003-10-01,3.88,2.14,2.13,5.84,7.67,3.33,2.07,0.4,0.94,1.24,1.4,1.85,0.47,0.65,0.77,0.59,0.65,2.12,2.26,5.46,2.81,2.65,2.83,2.9880083525545347,1.1,1.32,2.54,0.36,2.97,3.499375,0.71,2.65
2003-11-01,3.71,4.198888888888889,5.25,4.64,4.32,4.09,3.94,5.1,4.36,4.46,6.05,6.05,4.77,5.59,4.74,5.47,5.38,5.86,3.85,5.56,6.51,4.86,3.53,3.338403780255067,5.81,5.67,5.18,4.92,6.79,4.15,5.27,4.45
2003-12-01,2.47,4.96,3.64,2.18,2.95,3.83,2.29,3.49,3.06,2.59,3.58,4.35,2.88,2.66,3.1,4.35,5.3,3.82,2.94,3.21,3.32,3.2,2.95,3.588002415383035,3.72,3.69,5.32,2.99,3.96,2.58,3.6,3.06
2004-01-01,3.0,2.05,2.67,2.6,2.45,3.15,2.52,3.17,3.31,2.14,3.01,2.32,2.79,3.18,3.55,3.28,4.57,3.19,3.0,2.86,3.53,3.36,2.91,4.017092456952569,3.26,2.99,3.87,3.44,2.94,2.9,2.65,3.01
2004-02-01,4.81,7.71,4.8,4.83,3.84,4.99,4.28,4.81,4.37,3.49,3.76,3.85,4.34,4.45,4.35,4.35,5.81,5.28,4.28,4.29,5.04,4.78,4.01,4.312757658923461,3.75,5.08,5.62,3.72,5.31,3.86,3.71,4.54
2004-03-01,1.4,2.34,1.76,0.98,1.2,1.78,1.05,2.57,2.08,1.38,2.9,2.84,3.25,2.14,3.04,3.47,4.44,2.66,1.14,1.38,2.01,1.54,1.17,4.530852603843644,2.77,1.89,2.54,2.57,2.46,3.253333333333334,1.58,1.33
2004-04-01,2.16,3.43,1.54,1.1,1.03,1.44,0.87,2.67,4.33,1.55,5.15,6.13,3.34,4.01,2.71,2.98,1.85,2.68,1.0,1.65,5.28,2.48,1.09,4.729989796816941,2.66,2.13,3.5,2.84,2.78,2.841111111111111,2.51,1.14
2004-05-01,2.6,2.71,2.53,2.79,1.7,2.25,1.32,3.65,2.28,2.61,5.89,4.55,1.92,3.44,6.99,3.2,4.56,5.38,4.21,2.6,3.12,2.14,2.43,4.725886238770611,6.07,5.03,3.77,4.37,3.76,2.45,1.49,1.42
2004-06-01,10.84,7.78,8.82,6.97,7.25,10.04,3.68,4.02,5.62,8.17,4.87,4.56,4.94,6.25,5.57,7.08,6.68,7.59,6.71,5.02,7.26,5.79,8.03,4.5476667305549165,6.92,9.62,8.6,5.77,8.02,4.68,5.6,5.62
2004-07-01,4.52,8.82,8.11,4.55,3.7,7.51,1.84,5.38,5.72,5.57,2.05,4.59,6.14,4.19,4.38,5.81,8.76,2.36,3.57,3.0,3.91,4.11,2.29,4.188945713622159,5.63,4.1,4.44,3.51,6.86,6.13,3.18,2.45
2004-08-01,2.87,3.47,2.7,4.59,3.17,2.09,3.87,4.24,3.29,2.98,4.87,5.52,4.86,2.36,5.77,6.61,4.29,3.71,3.16,2.62,2.35,4.27,5.43,3.73871008849619,3.6,3.78,8.98,3.83,5.9,3.35,3.55,4.28
2004-09-01,12.11,26.08,17.8,15.44,17.99,14.34,11.84,7.24,7.68,12.05,10.74,11.96,7.87,7.47,7.69,7.27,9.91,13.58,13.73,12.38,9.26,13.57,14.97,3.291842081913437,10.62,16.8,15.02,6.68,16.19,7.6,6.61,12.93
2004-10-01,0.76,2.13,0.86,0.98,1.8,1.35,0.98,2.57,1.97,0.94,2.49,1.78,2.04,2.05,3.04,2.7,3.67,1.33,0.6,1.5,2.82,1.73,0.73,3.1399252172339858,2.67,1.1,2.24,2.67,2.31,2.97,2.29,1.33
2004-11-01,4.41,8.56,5.62,5.05,5.07,4.023333333333333,7.95,7.29,5.68,5.06,5.59,7.92,7.04,6.23,8.01,11.12,7.01,6.61,4.46,4.68,6.28,7.77,6.43,3.2391644987445263,8.8,5.04,8.67,7.03,7.45,5.65,6.78,6.65
2004-12-01,4.85,8.54,6.7,2.36,4.58,6.63,2.8,5.52,4.4,6.48,4.95,6.42,5.17,4.42,4.56,4.6,7.61,5.74,5.39,5.64,5.52,5.84,5.03,3.4135834570637806,7.05,5.17,7.36,5.24,6.72,7.1,3.76,2.91
2005-01-01,4.51,3.26,2.09,2.22,4.2,2.11,2.59,1.99,4.223333333333334,1.57,2.47,2.88,2.57,3.996666666666666,2.17,2.56,3.04,2.08,1.78,2.26,2.3,4.6,3.17,3.715337957008175,2.32,2.34,5.859999999999999,1.93,2.38,4.703333333333333,1.91,3.22
2005-02-01,5.68,6.14,6.26,4.18,5.57,5.37,4.89,4.49,4.96,5.18,6.0,5.83,3.9033333333333338,4.39,4.85,7.44,5.54,6.51,5.86,6.44,5.62,4.346666666666667,4.61,4.014047807965818,4.3533333333333335,6.15,6.35,4.49,6.04,4.224444444444444,3.79,5.33
2005-03-01,3.973333333333333,6.35,6.46,5.17,5.54,5.28,6.85,6.08,6.67,5.04,6.72,5.28,4.8,5.98,4.3,5.0,4.06,6.15,6.23,6.25,6.21,3.1822222222222223,6.02,4.272450205904731,6.99,6.3,6.44,4.77,4.92,4.11,4.49,6.07
2005-04-01,4.84,8.02,5.75,4.41,3.51,3.87,5.87,4.77,5.01,4.29,3.98,4.07,4.07,3.2,5.01,5.82,4.38,4.43,3.69,5.1,5.12,3.66,5.38,4.501220001360836,6.26,3.72,6.1,5.57,5.57,5.04,3.9,6.05
2005-05-01,4.3,3.14,2.99,2.38,2.38,2.98,2.67,1.82,1.83,2.73,4.6433333333333335,2.58,2.995,2.16,1.88,3.43,1.48,3.74,3.16,2.66,2.68,3.2866666666666666,3.3,4.613553120065724,2.32,2.46,3.23,2.42,2.36,2.57,2.64,3.78
2005-06-01,7.45,6.706666666666666,11.29,5.67,7.3,10.3,10.25,5.29,5.49,13.4,4.06,8.9,3.9675000000000002,7.83,4.89,3.74,4.77,9.15,9.07,8.37,4.45,4.06,6.18,4.58060992531032,9.84,7.08,11.46,5.12,11.44,4.94,2.08,6.77
2005-07-01,8.7,8.242222222222223,9.92,9.09,7.24,11.48,9.35,7.91,14.17,10.39,11.52,10.81,5.05375,12.24,7.78,10.67,6.8,11.72,5.79,15.52,12.79,2.8066666666666666,9.19,4.3847778194662395,10.79,7.93,11.063333333333333,6.75,13.7,5.423333333333333,8.36,8.81
2005-08-01,5.87,9.2,10.67,4.4,5.29,10.03,5.47,2.38,2.21,5.85,8.24,7.36,3.67125,4.39,5.19,5.39,5.63,10.62,7.61,10.42,2.98,2.442222222222222,8.2,4.061743953981215,5.08,6.28,17.29,4.07,12.89,5.2,3.69,6.51
2005-09-01,1.33,2.15,0.78,0.11,0.1,1.47,0.17,0.52,0.12,2.74,6.903333333333333,0.88,4.21375,0.24,0.64,1.1,2.73,0.47,0.04,0.64,0.41,0.25,0.09,3.676793017947326,0.72,0.57,1.02,0.85,0.98,0.65,0.25,0.46
2005-10-01,3.93,4.5,3.99,4.27,4.74,2.99,2.97,1.31,2.39,2.7,1.73,1.64,1.1,1.19,1.95,1.45,1.2,4.1,4.51,3.31,2.07,1.5366666666666664,4.07,3.408359117590656,1.34,4.13,5.2,1.35,3.9,0.8,1.8,3.7
2005-11-01,2.6,6.6,3.56,3.4,3.59,1.27,2.78,4.63,4.383333333333334,2.85,3.81,5.42,4.07,4.43,4.7,5.19,2.75,4.93,2.52,3.51,4.1,2.63,2.4,3.323761808167591,4.79,2.65,5.09,5.04,5.08,4.7,3.5,2.93
2005-12-01,4.079999999999999,6.64,4.54,5.09,4.45,5.18,4.56,4.2,5.08,4.13,4.84,6.28,4.62,5.04,4.4,4.61,4.58,6.05,5.35,4.58,3.93,5.27,5.59,3.3686726326156857,5.87,4.81,6.69,4.31,5.77,5.5,3.29,5.34
2006-01-01,4.79,4.78,5.99,3.5,4.3,3.57,4.26,5.13,5.06,4.52,5.35,3.856666666666667,3.5949999999999998,4.49,5.15,5.23,5.14,6.36,4.94,5.5,5.57,7.34,4.62,3.54200529481193,6.47,5.34,7.6,5.3,6.64,4.7,4.14,4.58
2006-02-01,3.25,2.01,2.53,3.73,2.94,2.33,4.71,3.24,4.48,2.61,3.15,2.41,4.226111111111111,4.61,4.72,1.95,1.9,3.37,3.48,4.7,5.43,4.822222222222222,3.89,3.778026551388874,3.22,3.36,3.03,3.66,2.68,2.95,4.54,5.08
2006-03-01,2.33,3.8433333333333333,2.63,1.94,2.2,2.0,2.53,3.2,3.48,2.12,4.253333333333333,2.67,4.73537037037037,3.29,3.46,2.29,1.93,2.89,2.69,4.586666666666667,3.61,2.78,2.09,4.025238378646803,4.09,3.41,3.14,3.26,2.99,2.7,2.77,2.7
2006-04-01,2.6,3.17,3.18,2.67,1.9,3.23,2.35,2.66,6.57,3.63,2.89,4.31,5.18,6.06,3.99,5.91,4.19,4.09,2.4,4.165555555555556,4.39,2.49,2.47,4.26322919000382,3.78,3.86,3.84,4.14,3.84,6.01,4.41,2.57
2006-05-01,1.8,2.706666666666667,2.61,1.81,2.16,2.8366666666666664,2.17,1.78,1.91,2.11,2.26,4.43,1.91,1.5,1.83,3.39,2.643333333333333,3.97,1.2,2.81,2.02,1.66,1.11,4.438391155034772,7.07,1.84,4.51,1.88,2.54,2.01,1.32,2.17
2006-06-01,5.19,3.7411111111111115,1.4,4.74,4.683333333333334,2.3,1.93,2.85,4.02,2.65,3.82,7.89,3.45,2.04,2.59,1.58,2.26,2.57,6.1,2.62,1.31,2.86,4.13,4.509500540172546,2.73,2.08,6.0,2.36,5.64,4.6,2.37,3.18
2006-07-01,6.526666666666667,1.81,2.06,4.37,5.504444444444445,5.920000000000001,3.66,2.78,1.7,1.18,5.14,7.5,2.09,3.59,2.05,3.66,4.4,1.97,1.19,2.61,2.07,2.833333333333333,1.43,4.447139179819393,1.98,1.85,3.32,4.253333333333333,3.35,2.15,3.98,5.76
2006-08-01,6.02888888888889,3.38,2.62,3.96,4.59,3.98,5.76,3.29,3.03,2.3,4.28,3.8,3.58,3.71,4.19,2.93,3.42,2.96,2.56,4.35,6.71,2.865185185185185,1.17,4.254441566900304,3.72,2.81,2.78,3.65,3.84,9.35,1.79,4.57
2006-09-01,5.69,4.016666666666667,7.76,3.56,2.99,3.2000000000000006,2.22,2.93,6.07,6.11,5.934444444444445,4.31,3.896875,4.55,5.79,4.82,4.21,7.07,6.19,3.32,4.43,2.1450617283950617,4.88,3.965617292423815,5.23,4.24,7.65,2.82,8.33,4.95,3.67,4.52
2006-10-01,4.216666666666667,6.52,4.11,3.69,4.54,3.446666666666667,3.52,4.77,3.91,5.65,6.62,3.97,2.4984375,3.66,5.05,4.18,2.9166666666666665,7.82,4.11,4.93,3.55,3.32,4.02,3.6869882050072356,5.49,5.15,7.41,5.02,7.09,5.87,3.66,3.17
2006-11-01,3.03,7.03,5.33,2.7,2.67,4.15,3.18,4.63,4.38,3.61,5.21,5.96,3.28421875,4.7,4.11,3.6,3.34,5.13,3.43,5.06,3.95,3.49,3.33,3.505375006587413,5.3,3.8,6.26,4.066666666666666,5.09,3.95,3.74,3.32
2006-12-01,3.686666666666666,7.09,4.69,3.09,3.17,5.64,3.91,2.06,2.25,1.84,2.5,3.2,3.952109375,1.6,2.59,1.92,2.5,4.09,2.94,1.46,2.04,4.69,3.85,3.4370238196015492,3.01,2.04,5.273333333333333,2.14,4.41,2.71,1.37,4.02
2007-01-01,3.95,5.73,5.44,4.84,5.17,4.6499999999999995,3.48,3.25,4.21,4.87,6.89,5.66,3.7735546875,3.57,3.17,2.66,4.07,6.25,5.02,5.64,4.9,5.31,4.67,3.4895145572067396,3.3,4.69,5.247777777777777,3.21,7.34,2.91,2.65,4.56
2007-02-01,3.6,4.3533333333333335,2.18,2.89,1.98,3.9066666666666663,2.92,2.2,2.95,2.24,1.91,1.98,3.9998328993055554,2.67,2.67,1.62,1.17,2.67,2.47,2.52,2.8,1.94,3.57,3.633770554297807,3.013333333333333,2.34,2.87,3.01,2.7,2.01,1.84,3.14
2007-03-01,2.965,5.32,3.52,4.71,1.95,4.74,3.89,2.56,1.87,4.39,2.44,2.59,4.367601634837962,1.74,2.24,3.05,1.71,4.78,2.82,2.56,2.13,3.16,2.6,3.829504466472305,2.52,3.28,3.66,2.05,4.38,2.15,1.59,3.88
2007-04-01,3.605,2.83,2.06,2.28,1.67,2.11,1.64,1.68,2.45,1.92,1.49,3.1,4.773800817418981,2.36,0.43,2.65,4.33,2.08,1.93,2.1,2.67,2.825,1.43,4.046366828238062,2.2,2.28,3.05,1.25,2.79,2.03,1.11,2.23
2007-05-01,3.551666666666667,1.59,1.27,0.56,1.89,1.22,1.56,0.42,0.46,1.5,0.5,0.6,3.3419004087094906,0.55,0.8,0.08,0.31,0.96,2.26,1.79,2.18,2.2425,1.46,4.242378991636417,0.92,1.7,1.41,0.22,1.45,0.04,1.18,1.04
2007-06-01,5.25,5.73,2.8,2.7,3.201111111111111,1.7599999999999998,2.17,1.87,2.02,3.77,2.68,4.69,3.3959502043547456,2.27,1.82,3.04,2.8699999999999997,2.59,1.3,3.366666666666667,3.7,2.4875000000000003,1.59,4.375939765904482,2.63,1.74,3.81,5.05,4.84,2.64,3.21,1.26
2007-07-01,5.73,6.27,3.78,7.13,3.03,2.7933333333333334,3.48,3.84,4.36,5.08,3.146666666666667,5.74,2.7429751021773727,3.22,4.82,5.87,6.04,3.38,4.79,5.69,3.66,2.5602777777777774,5.74,4.4115394728619375,4.22,2.74,2.74,3.82,3.41,3.1,4.28,3.65
2007-08-01,1.4,6.09,0.52,2.6,1.94,2.491111111111111,1.72,0.28,3.21,0.57,1.62,3.51,3.1614875510886864,2.65,1.17,0.68,0.61,2.5433333333333334,1.7,1.82,1.96,2.36,2.44,4.332990519881121,1.06,1.81,2.76,1.12,1.18,5.05,1.59,1.69
2007-09-01,3.67,1.68,4.3,0.52,0.53,0.7,0.53,2.16,1.07,5.54,1.02,3.7699999999999996,3.5291812755443432,0.83,2.92,3.48,3.97,1.29,1.37,0.96,1.03,2.2525308641975306,0.81,4.149303906152468,1.67,2.2,1.7,0.76,0.93,2.7,1.69,1.01
2007-10-01,5.2,4.12,3.39,1.36,3.14,3.51,2.35,2.08,1.91,2.67,2.55,3.49,4.052539591848114,2.92,2.27,2.02,4.18,3.903333333333333,2.05,2.01,1.62,3.7708436213991767,1.45,3.918146055579852,2.14,2.0,3.55,2.57,3.62,3.07,1.74,1.75
2007-11-01,1.72,4.19,2.08,2.04,3.9233333333333333,1.84,2.35,1.78,1.41,1.6,2.19,2.83,4.488919447282704,1.39,2.6,2.61,4.74,2.6,1.78,1.98,1.95,4.333614540466392,2.01,3.7117605310836326,4.42,1.74,4.38,2.17,3.41,3.82,2.06,2.32
2007-12-01,6.87,6.61,5.51,5.08,5.96,5.82,5.42,3.78,5.15,4.39,2.516666666666666,4.19,6.13,3.97,3.5,4.12,3.533333333333333,5.61,4.84,4.75,5.21,5.74,6.34,3.5743921753425907,4.9,4.6,6.87,3.48,6.28,4.75,3.44,5.06
2008-01-01,3.3,5.08,2.33,2.36,3.84,2.9,2.6,2.33,2.96,2.28,2.86,2.81,2.33,2.88,2.85,2.43,3.36,2.85,2.52,2.77,2.22,5.525,2.14,3.5319533662746654,3.3,2.94,6.409259259259259,2.35,3.72,1.42,2.25,2.48
2008-02-01,6.19,4.31,5.83,4.47,2.98,5.87,3.56,4.23,4.73,5.29,5.41,5.61,4.119944299768519,4.61,5.31,3.37,5.37,5.57,5.53,2.645,5.27,3.7325,5.31,3.582861960286236,4.43,6.64,7.11,3.6,6.06,4.6,4.69,3.8
2008-03-01,6.5,7.66,6.57,5.23,4.59,5.46,3.48,4.9,5.68,5.22,4.59,7.33,6.03,4.8,6.35,5.95,3.9,6.93,5.16,2.6025,5.64,3.44625,3.58,3.7061832133792705,5.52,6.64,6.75,4.79,7.77,4.1066666666666665,5.21,4.13
2008-04-01,6.53,4.01,2.62,2.43,4.17,3.25,3.0,4.94,3.68,2.8,3.63,2.47,5.764600272472994,3.69,3.67,3.61,4.62,2.84,4.88,2.3512500000000003,2.89,3.135625,3.51,3.8762750208086665,3.72,2.75,3.64,3.59,3.35,3.9022222222222225,3.46,3.15
2008-05-01,2.35,3.21,2.35,1.73,2.4299999999999997,2.72,2.23,5.17,2.38,2.78,1.9633333333333332,2.14,6.49,1.87,3.0,3.0,3.09,3.36,2.18,2.070625,2.04,3.092708333333334,1.8,4.059327006222542,4.23,3.3,5.56,3.17,5.73,5.57,1.82,1.5
2008-06-01,5.29,4.57,1.9,0.79,1.23,2.97,1.22,3.33,2.13,2.13,1.76,2.6,4.942975102177373,1.7,2.6,5.27,3.1,2.26,3.19,4.455763888888889,1.45,3.1600694444444444,0.95,4.217633386063512,4.42,2.24,4.27,1.93,2.05,2.35,0.51,1.49
2008-07-01,5.12,4.77,5.12,6.43,4.7,4.77,3.95,3.7,6.21,4.45,4.602222222222223,3.87,3.842975102177373,3.58,6.96,4.23,4.8,6.4,2.62,6.02525462962963,3.793333333333333,3.9,2.29,4.314586429462725,7.68,3.16,6.44,7.39,7.63,3.3733333333333335,6.23,5.87
2008-08-01,4.35,9.44,9.35,5.59,2.77,9.97,2.79,5.8,5.7,8.71,8.9,5.7,3.3414875510886866,4.38,4.21,4.35,4.63,9.08,4.56,7.93,6.27,3.13,2.59,4.3237884746719235,3.97,8.01,10.13,5.27,11.15,4.67,6.44,3.07
2008-09-01,1.82,1.33,0.15,2.54,3.98,0.53,2.13,0.43,0.33,5.656666666666666,0.52,0.42,3.296889608877677,0.36,1.56,1.86,0.2,0.24,1.1,1.36,0.43,2.5608436213991768,3.29,4.236546190412196,0.0,0.97,0.73,1.17,0.19,0.81,0.91,2.94
2008-10-01,2.9,3.64,0.75,3.21,4.62,2.76,5.12,2.82,2.77,2.72,1.66,2.5,3.02,2.79,3.61,3.31,2.19,3.55,3.23,3.37,2.96,2.8772290809327843,5.42,4.077346122996024,2.56,2.78,4.17,3.15,3.58,3.2,2.71,6.37
2008-11-01,1.98,4.02,2.14,3.96,2.4,2.22,2.63,1.61,1.24,1.96,1.91,2.5,1.89,1.8,2.38,2.07,6.080000000000001,2.51,1.94,2.38,2.33,2.3,3.26,3.8945533270398283,2.59,2.53,3.09,2.32,3.35,2.96,1.96,2.58
2008-12-01,6.82,5.22,6.2,5.25,5.17,6.66,3.66,7.65,6.73,5.34,2.213333333333333,7.46,4.01,6.61,6.88,8.83,6.974444444444444,8.25,5.23,7.14,5.6,4.95,4.57,3.7344727511912095,8.39,6.28,10.17,7.54,9.42,12.06,6.47,3.62
2009-01-01,5.56,5.03,5.15,3.11,4.43,5.48,2.7,7.04,5.56,5.25,3.661111111111111,5.26,3.17,7.08,6.61,5.47,11.31,5.63,5.61,5.73,5.46,3.56,3.65,3.633213058732937,6.53,7.14,6.8,7.42,4.34,6.41,5.51,3.25
2009-02-01,3.12,3.99,3.26,2.54,2.7,3.01,3.67,4.45,1.49,2.93,4.993703703703704,1.95,3.6449721498842593,3.51,4.2,2.97,8.34,3.06,2.81,5.218333333333334,3.48,3.21,2.68,3.608037509509587,4.02,3.81,2.98,4.35,3.37,4.93,3.42,3.6
2009-03-01,7.57,7.75,7.77,7.93,7.17,8.17,7.05,5.15,6.65,7.8,5.91,5.07,4.83748607494213,5.17,5.58,4.95,6.12,7.46,7.88,7.28,5.71,7.65,8.5,3.6571103614444285,6.07,7.12,5.113333333333333,6.72,7.14,5.56,4.43,9.03
2009-04-01,4.31,4.49,4.88,4.42,3.08,4.86,4.47,4.63,4.93,5.04,6.06,3.06,5.301043173707562,5.03,3.68,2.65,5.37,5.6,4.5,5.27,3.41,5.72,4.84,3.7666926911265475,3.58,5.52,5.61,5.63,5.12,6.10074074074074,3.35,5.02
2009-05-01,4.8,3.58,5.67,3.92,2.72,5.07,3.58,7.09,6.74,4.01,5.73,7.91,5.895521586853781,8.92,6.7,9.54,4.23,6.54,3.02,7.24,5.36,5.21,3.46,3.9130098486745446,8.39,5.48,10.26,7.27,9.06,8.84,7.45,4.04
2009-06-01,4.26,3.04,3.01,3.32,2.92,4.28,1.66,0.75,2.37,2.84,4.32,3.64,5.419248344515577,2.05,0.58,2.07,3.665,2.89,3.2,1.45,2.35,1.78,2.6,4.400214411579352,3.9,3.69,1.47,2.02,4.626666666666666,1.27,1.36,1.6
2009-07-01,4.66,3.49,5.22,3.0,3.05,0.84,1.33,5.84,2.04,2.94,4.797407407407408,5.85,4.631111723346475,2.28,4.13,3.08,4.435,3.28,2.66,2.95,4.28,6.02,1.27,4.594933613680692,2.7,4.01,8.03,4.19,2.77,3.14,3.39,1.44
2009-08-01,2.88,9.563333333333333,5.97,4.16,2.52,6.11,2.7,4.09,4.77,4.58,5.47,4.79,3.9862996372175807,4.3,5.046666666666667,5.63,4.635,5.85,3.04,5.3,7.68,3.9,2.5,5.07,5.27,5.49,11.446666666666667,4.43,4.47,5.27,6.04,4.48
2009-09-01,6.74,15.76,12.0,8.79,7.88,22.02,9.86,9.56,12.17,9.62,14.7,11.47,3.641594623047629,8.5,6.8,11.56,4.84,13.11,6.72,11.62,21.1,17.62,10.11,14.38,14.37,12.2,16.18,6.41,16.2,6.64,6.91,10.37
2009-10-01,10.04,9.43,8.99,10.13,9.03,8.67,9.14,8.57,7.23,8.5,7.323333333333333,7.34,3.3307973115238143,6.39,8.05,7.44,3.5149999999999997,12.27,10.81,10.36,8.83,8.78,10.25,9.21,6.31,9.85,9.423333333333334,8.66,8.59,10.76,6.43,9.96
2009-11-01,4.63,7.98,7.32,5.27,7.88,7.82,5.17,5.07,5.21,6.35,5.61,7.58,2.610398655761907,5.57,4.8,4.19,3.6016666666666666,6.3,6.42,6.3,6.01,6.76,5.6,5.69,4.77,6.9,7.92,5.0,7.28,4.32,5.14,6.06
2009-12-01,9.48,11.59,7.97,8.67,6.41,9.52,8.87,7.04,7.16,8.86,5.59,8.87,2.373466218587302,7.47,7.31,6.92,3.928703703703704,10.35,9.28,6.72,9.69,9.36,9.27,10.31,7.91,9.04,8.47,8.88,11.01,10.97,6.19,9.46
2010-01-01,6.87,8.54,6.51,6.19,6.18,6.89,6.2,4.79,3.73,6.11,3.99,5.24,2.0144887395291007,4.46,5.37,5.13,1.21,6.43,6.24,6.225,4.72,4.68,5.66,5.83,3.38,6.1,7.32,4.78,6.94,6.74,4.0,6.62
2010-02-01,4.82,5.09,4.77,4.33,3.15,4.99,4.21,3.92,3.57,3.97,4.65,3.94,0.5,4.7,4.0,4.09,3.3033333333333332,5.41,4.48,5.721666666666667,4.3,4.373333333333334,4.09,4.98,4.36,4.34,7.65,3.9,5.13,4.12,3.55,4.45
2010-03-01,3.26,7.71,5.06,2.96,2.71,4.53,2.33,4.66,5.2,4.13,5.91,4.546666666666667,2.668743037471065,5.81,6.59,2.49,3.261111111111111,4.83,2.88,6.5008333333333335,6.05,5.23,2.95,4.3,3.44,4.73,3.87,4.21,4.04,4.69,5.34,2.65
2010-04-01,2.79,7.496666666666666,4.16,2.0,1.8,4.25,1.86,4.4,4.46,3.89,5.984999999999999,4.63,3.9848931055893138,4.36,4.56,5.0,0.36,4.92,4.743333333333333,5.885416666666666,2.9,2.47,2.5,4.95,4.78,3.74,5.55,4.9,5.39,4.6,4.796666666666667,2.05
2010-05-01,5.53,10.29,4.24,5.59,3.45,4.83,5.89,4.4,7.23,5.096666666666667,5.8575,4.4,4.9402073462215474,6.88,5.33,4.97,2.2950000000000004,4.87,6.85,6.511805555555555,5.98,7.4,6.79,4.57,5.05,4.51,5.43,5.61,5.2,5.94,5.7,6.04
2010-06-01,3.65,8.71,4.5,4.55,2.89,7.51,4.55,2.5,2.25,7.39,5.08875,3.4800000000000004,5.1797278453685625,4.11,1.85,3.7366666666666664,3.786666666666667,4.8,2.7,4.790601851851852,2.83,2.23,4.73,3.8467381371931175,3.52,4.45,9.92,1.17,6.48,5.87,2.31,6.35
2010-07-01,2.9,3.74,2.58,5.34,3.06,4.25,1.4,2.81,4.81,3.45,4.943078703703704,2.4,3.943613189571679,8.43,2.31,4.17,4.540555555555556,3.5,7.9,6.41,4.17,3.28,4.04,2.57,4.34,1.81,2.27,4.44,2.75,2.66,1.59,0.91
2010-08-01,4.81,8.49,3.79,1.81,3.24,4.09,7.62,3.71,2.85,4.92,4.701026234567901,9.95,3.316637608929753,2.04,5.28,3.81,5.4,10.85,8.2,6.03,2.48,3.53,3.99,8.21,3.59,5.77,7.035555555555555,1.4,8.66,5.52,2.42,6.83
2010-09-01,3.97,8.33,8.43,6.75,5.5600000000000005,3.79,5.35,2.64,2.53,5.21,7.697008744855967,8.826666666666666,2.02,1.69,1.67,1.64,4.253333333333333,7.37,3.76,3.36,1.81,3.29,3.97,5.08,3.93,5.11,7.39,3.9050000000000002,8.5,2.25,1.87,4.39
2010-10-01,2.03,4.01,2.46,1.36,7.295,2.37,1.42,2.77,2.96,2.32,3.69,5.06,2.6753986557619074,4.52,1.9,3.12,2.52,4.06,1.65,1.86,1.08,1.69,1.71,3.69,4.05,2.63,3.63,6.282500000000001,4.67,4.0,4.1000000000000005,1.59
2010-11-01,3.15,4.47,2.83,1.88,7.5875,2.62,4.91,1.95,2.64,2.07,2.57,5.816666666666666,2.642898655761907,2.36,3.7,3.66,3.4372222222222226,3.43,2.98,2.81,2.2,3.18,2.4,4.15,2.78,2.43,4.71,5.64125,3.83,3.92,4.413333333333333,2.93
2010-12-01,4.47,5.22,3.85,3.19,5.839166666666667,3.42,1.92,2.99,2.74,4.43,3.4499999999999997,4.81,2.5081824371746047,2.52,4.51,3.02,4.19,3.65,3.72,4.41,2.79,3.68,3.71,5.843333333333334,2.5,3.26,4.43,7.260625000000001,4.12,3.04,4.0,3.28
2011-01-01,2.5,5.553333333333332,2.96,2.57,5.179722222222222,3.06,3.32,3.44,2.75,2.36,3.2099999999999995,4.243333333333333,2.2613355883518524,3.3366666666666664,2.52,3.89,8.98,3.26,3.13,6.905,3.36,2.17,2.61,3.07,5.24,2.89,3.52,6.020312500000001,3.55,4.14,2.77,3.28
2011-02-01,3.6,2.9,2.5,3.72,3.52,3.19,4.72,2.35,3.7,5.460000000000001,2.19,2.68,1.3806677941759262,3.03,3.03,2.32,1.86,4.36,4.16,7.568888888888889,3.19,4.21,3.78,4.09,3.36,3.42,3.26,4.960156250000001,3.95,2.45,2.39,4.31
2011-03-01,9.38,13.57,10.82,7.28,3.115,10.85,6.65,11.11,4.306666666666667,10.05,4.816666666666666,13.91,2.0247054158234956,7.64,10.08,11.1,3.9137037037037037,11.63,8.3,10.08,9.46,9.59,8.25,10.81,8.59,8.82,14.35,4.585078125000001,11.92,12.19,8.46,7.46
2011-04-01,3.15,8.6,3.72,2.72,2.4575,3.92,2.62,7.4,4.02,3.29,6.35,9.06,3.0047992607064047,3.84,6.72,7.31,6.62,6.03,4.23,5.96,5.02,3.55,2.7,7.89,6.61,5.36,6.27,4.742539062500001,6.53,6.47,4.725555555555556,2.91
2011-05-01,1.29,3.16,2.6,2.33,2.9537500000000003,2.26,0.82,1.56,0.71,1.88,1.86,2.68,3.9725033034639763,0.86,1.73,1.48,4.4575000000000005,2.79,1.25,6.007268518518519,1.24,2.46,1.2,6.23,3.65,2.7,2.99,5.17626953125,3.15,2.46,0.92,1.14
2011-06-01,2.43,4.98,4.77,3.62,3.25125,2.64,2.44,4.2,5.35,3.29,3.474375,4.2,4.576115574416269,4.77,3.39,3.94,2.8313888888888896,6.46,2.64,5.55,3.89,3.8,5.33,5.038369068596559,4.96,3.17,3.01,3.173134765625,4.83,5.48,1.1833333333333333,4.07
2011-07-01,3.35,0.92,2.8,2.55,3.407083333333334,0.76,1.46,2.35,5.14,1.25,4.208726851851852,3.3966666666666665,3.663242921329316,7.78,4.38,2.64,2.5406481481481484,6.57,2.4,3.42,4.47,3.05,0.46,3.8041845342982796,2.92,0.46,5.47,3.8065673828125,7.19,5.16,1.031111111111111,3.04
2011-08-01,4.23,1.18,2.71,2.46,3.91,2.28,2.44,0.65,1.5,3.42,4.454876543209876,3.59,3.149960176753023,4.833333333333333,0.4,0.67,0.25,1.59,1.27,2.24,2.0,0.82,2.96,6.00709226714914,0.85,2.4,1.68,2.60328369140625,2.65,0.51,0.32,1.89
2011-09-01,4.0,5.53,8.94,1.08,4.346666666666667,2.44,1.55,5.23,4.21,4.09,6.075942644032922,3.63,2.47,4.68,4.72,7.5,12.39,5.08,2.14,3.19,4.3,2.55,1.85,5.54354613357457,2.1666666666666665,2.87,5.59,3.254141845703125,5.56,8.46,1.39,1.7
2011-10-01,2.21,2.42,1.9,1.96,5.070555555555555,3.11,4.35,2.64,1.17,2.64,4.882971322016461,4.993333333333333,2.11,1.56,1.5,2.95,2.55,3.08,2.35,3.07,1.86,2.51,3.24,4.616773066787285,1.72,2.24,3.33,4.768320922851563,3.25,6.633333333333334,1.98,4.24
2011-11-01,4.28,8.18,4.91,4.83,3.57,4.37,3.08,5.99,4.05,4.36,4.490990440672154,6.29,2.854299551920636,1.96,5.07,7.76,7.72,6.4,3.1966666666666668,5.9,5.44,3.91,3.08,4.383386533393643,4.13,5.03,9.54,5.204785461425782,7.58,7.44,3.35,3.39
2011-12-01,4.25,7.85,6.04,3.9,4.704583333333334,4.54,3.68,3.9,3.59,4.32,4.6536634802240515,4.97,3.81,2.24,4.56,4.77,6.09,6.19,4.26,5.33,4.3,5.17,3.9,5.113359933363489,4.99,4.2,7.38,6.232705230712892,5.78,6.54,2.93,4.04
2012-01-01,5.27,6.42,6.98,3.17,4.942152777777778,5.68,3.32,4.84,4.51,6.86,6.02,5.284444444444444,4.63,2.788333333333333,6.16,6.12,6.59,6.7,4.68,4.954999999999999,4.29,3.37,3.38,4.0916799666817445,8.97,5.14,7.39,6.126508865356446,7.02,6.33,8.98,3.6
2012-02-01,2.0,2.44,1.99,1.67,4.231076388888889,1.63,1.5,2.18,1.39,1.76,4.1049999999999995,4.868148148148148,2.46,2.9091666666666667,2.57,2.91,2.49,2.33,2.23,2.63,1.37,1.7,1.76,4.090839983340873,3.52,2.43,3.29,5.543332557678223,2.95,2.94,1.29,1.8
2012-03-01,3.7,4.96,4.04,3.31,3.8520254629629633,3.8,3.17,6.02,3.81,3.99,4.460833333333333,6.64,2.242352707911748,5.274583333333333,3.72,5.26,3.9279012345679014,5.76,4.09,5.17,4.53,2.92,3.26,7.450419991670437,5.86,4.87,5.58,5.064205341339112,6.3,5.88,3.82,3.4
2012-04-01,1.35,6.37,2.18,3.0,3.506508487654321,2.13,1.36,1.83,1.68,1.06,5.4054166666666665,3.43,2.259050656206051,4.557291666666666,1.05,5.956666666666667,5.309300411522634,2.15,1.5,1.87,2.64,1.98,5.31,7.670209995835219,2.19,3.28,5.04,4.903372201919556,3.8,2.22,1.6,1.35
2012-05-01,3.24,5.026666666666667,3.75,1.54,4.21,4.91,2.67,4.26,2.83,4.18,3.6327083333333334,5.71,2.5871846532233422,2.708645833333333,2.97,5.3,5.38,3.99,2.63,5.18,5.18,3.93,3.25,6.9501049979176095,5.12,3.68,4.04,5.039820866584778,4.16,3.76,1.3133333333333332,2.79
2012-06-01,4.03,5.55,2.29,4.5,5.107083333333333,4.32,2.95,1.77,2.24,3.13,3.553541666666667,5.193333333333333,1.53,3.7393229166666666,1.19,1.82,2.47,2.45,2.46,4.09,3.69,2.53,2.55,5.994237033257084,2.14,2.29,3.08,4.1064778161048885,3.19,2.72,1.42,3.5
2012-07-01,3.55,8.85,5.59,7.0,5.458055555555556,6.22,5.53,3.69,6.72,6.47,3.8811342592592593,5.67,2.596621460664658,5.759661458333333,5.82,7.73,6.3,9.73,4.67,8.66,5.14,8.68,3.05,4.899210783777682,2.8000000000000003,4.12,4.823333333333333,3.9565225994586943,3.77,1.92,2.25,4.91
2012-08-01,3.66,11.8,6.68,6.11,7.86,6.3,3.23,5.42,3.7,5.23,4.168005401234567,4.63,2.32552721247256,5.296497395833333,5.63,6.63,3.97,7.5,4.75,4.42,2.24,3.85,3.95,5.4531515254634115,3.34,7.04,5.92,3.2799031454324723,5.08,4.71,2.72,3.4
2012-09-01,2.94,6.006666666666668,2.44,2.9,3.32,2.71,4.88,3.08,2.57,2.18,5.1219740226337445,4.13,2.008509070824187,4.988248697916666,2.6,4.53,7.239999999999999,2.44,2.53,1.52,0.95,2.53,5.21,5.49834882951899,5.79,1.82,2.75,3.2670224955677987,2.47,5.82,1.96,3.75
2012-10-01,3.28,3.038888888888889,5.65,2.2,3.11,4.37,1.93,2.72,2.54,5.06,5.002472672325103,4.5616666666666665,1.23,3.274124348958333,1.19,3.21,5.36,8.18,2.0500000000000003,4.97,2.53,3.93,2.43,5.057560948153138,1.93,8.08,5.36,4.017671709209681,7.49,4.19,2.51,2.38
2012-11-01,0.75,0.69,0.55,1.13,0.93,0.7,0.96,1.46,1.6,0.6,4.746731556498629,7.870555555555555,2.042149775960318,4.161374782986111,1.55,1.73,1.58,0.77,1.27,1.17,1.76,1.61,1.35,4.72047374077339,1.37,1.16,1.05,4.611228585317732,0.94,6.9433333333333325,1.36,1.16
2012-12-01,5.82,8.13,8.15,6.27,5.07,7.28,5.86,6.58,4.6433333333333335,6.26,4.700197518361341,8.533518518518518,2.926074887980159,4.55045826099537,3.93,7.34,6.84,7.89,5.86,6.88,7.07,5.44,5.9,4.91691683706844,12.05,5.96,5.67,5.421966908015312,8.37,9.2,4.51,6.16
2013-01-01,6.82,13.17,8.24,4.93,5.190717592592592,9.02,4.97,9.03,8.74,7.71,4.673399172787113,12.76,3.7780374439900797,7.25,8.39,10.04,11.86,10.86,5.723333333333333,8.35,9.33,6.77,5.81,4.504298401875092,11.31,7.59,13.24,5.77423788668588,12.37,10.24,7.35,5.06
2013-02-01,5.9,7.09,6.31,6.19,5.56,5.71,6.36,5.17,6.21,5.46,4.026133057595704,5.29,3.11901872199504,5.92,4.71,4.2,3.36,6.0,6.63,6.66,7.7,6.87,5.41,4.297569192607982,5.58,6.37,8.22,5.658785222182051,6.13,7.32,4.93,6.79
2013-03-01,4.31,5.36,5.48,3.86,4.28,5.87,4.35,4.6,5.17,4.81,3.3,5.13,2.680685714953394,5.597291666666667,5.19,5.34,5.22,4.94,4.81,5.03,3.64,4.57,4.45,5.873994592139209,5.83,4.37,5.46,5.361495281760582,5.39,4.53,4.375,4.17
2013-04-01,4.25,7.58,7.4,4.98,4.39,8.41,3.77,6.89,5.94,6.7,4.9118055555555555,9.43,2.469868185579722,5.138194444444444,6.35,9.09,9.21,9.69,5.29,6.36,7.89,4.62,4.39,6.7721022939872135,10.21,6.5,8.87,5.132433741840069,9.01,9.48,2.9875,5.04
2013-05-01,6.79,7.12,4.44,5.63,5.87,5.15,3.63,7.98,5.63,6.45,6.03,6.11,4.925684279601022,4.368946759259259,4.44,9.05,7.54,7.89,4.973333333333334,8.2,6.31,5.78,5.83,6.8611036459524115,6.23,7.68,4.65,5.0861273042124235,6.22,5.78,2.1504166666666666,4.71
2013-06-01,7.51,8.55,13.85,6.72,9.27,7.7,8.21,7.14,5.92,9.61,4.7917708333333335,8.67,5.391894759867007,5.26,4.0,7.6,4.38,8.74,7.0,6.83,10.23,7.78,5.72,6.427670339604748,9.02,6.29,9.83,4.596302560158656,8.29,4.76,1.7852083333333333,7.22
2013-07-01,11.26,14.38,10.01,10.76,16.72,11.68,9.19,5.94,5.96,10.07,4.336452546296297,6.8066666666666675,9.72,5.283220486111111,10.11,7.68,9.98,12.03,6.39,8.49,12.12,7.18,9.39,5.663440561691215,8.79,14.21,15.24,4.276412579808675,13.57,8.26,2.0176041666666666,9.21
2013-08-01,9.88,6.8,11.18,3.94,5.62,10.15,5.68,3.03,6.34,11.76,4.2522289737654315,6.08,3.49,4.83,2.89,4.86,6.41,8.25,6.06,8.16,6.4433333333333325,4.55,4.63,5.558296043577313,10.8,7.95,11.63,3.778157862620574,13.7,5.41,2.3688020833333336,4.42
2013-09-01,2.69,2.56,2.26,2.42,3.06,4.13,2.42,4.62,2.36,2.25,4.687101498199588,5.0,2.749254535412094,2.61,2.74,4.54,2.32,2.9,2.67,3.59,4.97,2.87,2.14,5.528322436548152,6.95,2.38,3.02,3.5225901790941863,3.02,3.63,2.164401041666667,3.92
2013-10-01,1.91,2.26,2.44,1.13,1.22,2.17,1.27,1.42,1.87,1.87,4.844787085262346,1.63,1.989627267706047,3.1280414496527773,1.57,1.78,0.08,2.08,1.29,2.94,0.71,3.34,2.02,5.292941692350645,1.51,2.13,2.14,3.7701309441519335,2.36,0.93,2.337200520833333,1.22
2013-11-01,2.92,7.33,4.61,2.64,2.84,4.67,2.42,4.65,3.57,3.42,4.795759320880487,4.74,2.0158885218331823,3.5,1.56,5.86,2.766666666666667,6.57,3.0,3.7,3.48,2.75,3.5833333333333335,5.006707716562017,6.81,3.7,7.39,4.190679764734833,7.1,5.74,1.8486002604166667,2.41
2013-12-01,7.63,11.73,9.53,8.31,7.59,9.38,7.62,9.4,3.941111111111111,5.89,4.747978419620914,8.67,2.470981704906671,4.025229130497685,2.745,8.66,6.64,10.48,8.99,9.86,9.81,8.42,7.38,4.961812276815229,11.58,9.78,11.73,4.806323336375073,11.44,8.8,3.1793001302083335,8.14
2014-01-01,3.51,4.0,3.42,3.61,4.2,3.3,4.68,3.27,5.43037037037037,3.32,4.710688796204014,3.74,3.1245095744483753,5.6376145652488425,5.567500000000001,2.7,2.92,3.9,3.15,5.07,2.75,6.496666666666666,3.89,4.73305533934516,11.445,3.1,4.52,5.290280611530476,3.44,4.06,5.264650065104167,5.9
2014-02-01,2.71,4.41,3.18,3.5,3.52,2.92,3.96,4.47,3.61,4.133333333333333,4.368410926899859,5.46,3.1217641482217076,5.778807282624421,5.13875,5.59,4.7,4.19,2.81,6.09,4.72,4.3,3.85,4.515312265976571,8.5125,3.57,4.49,5.474532916856264,4.11,4.81,5.097325032552083,4.15
2014-03-01,3.59,4.57,3.79,3.86,3.65,4.3,3.37,4.33,5.37,3.62,3.8342054634499294,2.93,2.9012249315875507,5.688049474645544,5.164375,3.07,3.18,4.98,3.56,4.05,3.71,3.1,3.24,5.19465342905789,7.17125,3.51,4.59,5.418014099308422,4.83,3.78,4.736162516276042,3.61
2014-04-01,5.3,7.06,6.39,4.09,4.33,5.79,4.17,5.74,6.55,5.96,4.373005509502742,5.4,2.6855465585836367,5.305414639696663,5.7571875,5.55,5.56,6.56,5.08,6.39,7.09,6.43,4.07,5.983377861522552,8.690625,5.8,6.62,5.275223920574246,6.66,6.47,3.8618312581380208,4.43
2014-05-01,2.67,5.36,4.88,2.82,3.01,3.52,3.46,4.92,4.7,4.92,5.201502754751371,3.69,3.8056154190923293,4.921453799651974,5.09859375,5.55,2.69,4.48,4.827777777777778,3.3,6.363333333333333,3.19,3.0,6.422240753737482,7.460312500000001,3.51,4.5,5.180675612393335,4.7,3.4,3.0061239624023437,2.19
2014-06-01,6.41,4.67,3.15,1.65,2.7,4.29,3.74,3.13,4.22,2.35,4.996636794042352,6.7,4.598755089479669,5.09,4.549296875,7.03,7.03,3.58,4.43,5.91,5.69,2.85,2.16,6.424955546671114,8.24015625,4.55,7.94,4.888489086275996,4.59,7.59,2.3956661478678383,2.97
2014-07-01,4.03,7.69,4.82,2.51,3.47,4.6,4.22,1.84,4.08,3.78,4.6665446701693245,4.41,7.159377544739835,0.85,7.3296484374999995,2.53,3.05,4.47,6.2,3.07,2.65,4.43,4.68,6.044198054181164,8.515078124999999,5.18,5.23,4.582450833042335,5.28,2.52,2.2066351572672525,4.15
2014-08-01,2.58,4.18,3.27,2.64,2.61,1.82,1.89,4.62,9.5,1.86,4.799591214644919,6.14,5.3246887723699174,2.87,5.10982421875,4.39,4.11,4.72,3.0,1.42,2.87,5.1,1.23,5.8012470488792385,9.6575390625,4.8,3.9,3.9935362318876364,4.09,3.28,2.8851457468668618,1.7
2014-09-01,2.63,3.2,1.78,2.89,11.99,2.34,4.82,1.29,2.95,2.01,4.988897570948169,4.27,4.036971653891006,2.74,3.924912109375,3.53,3.45,1.28,3.58,3.07,3.64,4.45,3.05,5.664784742713695,8.30376953125,2.93,2.22,3.7120421369939414,2.98,2.24,3.043182262844509,4.22
2014-10-01,4.04,7.35,6.23,3.19,2.33,5.8,3.41,3.87,4.59,4.41,5.48,7.77,3.0132994607985264,2.9340207248263885,2.7474560546875,5.52,4.82,5.29,3.88,4.37,3.08,3.38,3.02,5.4788632175321705,4.906884765625,3.83,7.68,3.62,6.82,4.82,4.08,3.17
2014-11-01,3.92,4.82,4.12,3.82,3.67,4.73,3.04,3.58,3.72,3.94,5.137879660440244,3.22,2.5145939913158544,3.2170103624131943,3.5491520182291665,3.76,1.84,4.86,4.3,4.04,4.88,4.36,3.25,5.242785467047094,5.8584423828125,4.17,5.11,4.18,5.07,4.13,3.73,3.12
2014-12-01,4.18,7.3,4.68,4.6,4.17,4.55,4.69,4.46,4.56,4.62,4.942929040030579,1.16,3.055191898740842,3.62111974645544,4.211384006076389,4.14,2.38,5.28,4.27,4.94,5.03,4.38,3.76,5.251532581287441,8.71922119140625,4.47,5.43,5.37,5.01,6.21,4.25,4.57
2015-01-01,3.31,5.35,4.89,3.59,3.49,4.93,2.98,4.52,4.37,3.87,4.826808918117297,4.74,3.453233824396406,4.629367155852141,6.34,3.5500000000000003,3.64,5.83,3.53,4.05,5.57,3.86,3.15,5.178195973544201,10.082110595703124,4.26,5.72,4.41,5.73,3.94,4.7573250325520835,3.05
2015-02-01,4.73,3.89,5.48,4.25,4.16,5.14,3.99,3.55,3.91,5.02,4.597609922508578,4.66,4.18,5.204087219238281,4.07,3.81,8.18,4.48,5.48,3.32,3.57,4.89,4.57,5.55,9.297305297851562,4.75,5.25,3.28,4.8,9.21,4.927325032552083,4.23
2015-03-01,2.75,2.99,2.96,3.46,3.03,3.43,2.79,3.13,3.98,1.86,4.215907692979254,2.5,3.5406124657937754,5.446068346941912,3.61,3.5033333333333334,5.27,3.75,2.83,2.43,4.6933333333333325,3.13,3.29,3.5,8.234277648925781,2.14,3.95,3.79,4.32,3.99,3.9144958496093754,3.0
2015-04-01,5.71,7.91,6.05,5.32,5.88,5.93,8.01,5.88,6.71,7.21,4.294456601240999,5.86,3.113079512188706,5.375741493319287,7.21,4.227777777777778,7.37,7.18,7.26,6.73,6.8,4.81,7.34,7.65,8.46245132446289,5.62,9.9,5.88,7.59,6.17,3.2854423692491324,7.95
2015-05-01,1.37,2.37,3.54,2.02,1.61,2.5,2.63,1.35,4.65,2.69,4.7479796779961845,3.43,3.4593474656405174,5.14859764648563,2.96,3.63,3.28,2.56,2.37,4.06,3.42,4.87,0.75,3.97,7.961381912231445,2.47,2.7,2.93,2.33,3.9633333333333334,2.08,0.87
2015-06-01,2.9,3.62,4.0,2.4,4.28,2.07,2.76,3.1,2.32,2.57,4.872308236019268,3.78,4.029051277560093,4.752865882161877,1.91,4.98,3.16,4.95,5.2,4.91,4.42,2.75,2.54,2.77,8.100769081115722,2.42,6.2,2.74,5.91,2.32,2.61,2.86
2015-07-01,4.22,6.27,5.37,4.4,4.89,3.49,5.08,3.09,3.77,4.68,4.7694264530942965,10.04,5.594214411149964,3.207621960720625,3.6398828125,8.57,4.96,8.04,3.33,4.976666666666667,3.76,3.95,4.71,5.45,8.30792360305786,3.28,6.61,3.39,6.83,3.28,2.922211719089084,6.46
2015-08-01,4.2,3.72,6.0,7.22,6.69,5.27,6.78,3.43,4.83,5.75,4.784508833869608,4.25,5.45945159175994,4.02,1.68,6.38,5.26,7.86,7.05,6.95,2.63,5.49,8.75,7.43,8.982731332778929,5.68,8.53,4.47,8.44,5.06,3.2524524886519814,6.22
2015-09-01,3.07,5.08,4.58,2.8,3.51,5.59,3.48,3.58,6.26,3.25,4.886703202408889,4.46,4.7482116228254725,5.44,2.69,4.21,5.4,4.05,3.52,4.52,4.25,5.22,2.19,3.46,8.643250432014465,3.53,4.86,3.94,4.91,2.86,3.95,3.94
2015-10-01,8.75,8.61,9.79,6.41,10.65,11.21,5.0,4.42,4.8,9.07,5.1833516012044445,7.39,4.777170361207999,4.33,4.75,4.26,7.97,8.83,7.36,7.06,3.98,3.65,5.286666666666666,8.97,6.775067598819732,7.15,8.12,4.93,8.28,5.3,4.17,5.35
2015-11-01,8.74,11.78,10.53,9.09,11.03,10.65,9.3,9.18,8.65,10.5,5.160615630822344,9.74,4.6205881175079515,6.16,8.71,7.71,6.45,11.74,5.493333333333333,10.52,6.72,9.65,10.65,10.69,6.316754990816117,11.23,9.276666666666666,6.95,11.86,6.75,5.8933333333333335,9.02
2015-12-01,9.71,16.22,12.16,12.05,9.29,11.24,12.37,14.17,9.15,10.51,5.051772335426461,13.65,6.57,4.283706582151813,13.71,13.6,9.93,12.68,4.861111111111111,10.04,9.21,10.76,8.89,13.56,7.517988091111183,11.01,14.6,11.53,13.77,12.94,9.78,12.06
2016-01-01,4.51,4.59,4.99,3.81,4.08,4.77,3.68,3.24,4.03,4.24,4.939290626771879,5.11,5.011616912198203,3.07,4.19,3.15,0.74,5.43,4.82,7.045,4.21,5.27,4.2,5.13,8.800049343407153,4.88,5.65,3.67,5.11,3.62,6.592441677517361,3.92
2016-02-01,4.64,7.87,5.56,3.98,3.3,6.07,4.49,5.29,4.66,4.34,4.768450274640228,8.84,4.5958084560991015,4.47,6.24,5.7,7.27,5.61,5.62,5.1825,6.38,5.49,4.39,6.32,9.048677320629357,4.99,6.1,5.79,5.64,7.22,5.24,4.19
2016-03-01,1.24,2.14,1.5,1.72,1.86,1.49,1.95,2.62,2.34,1.37,4.492178983809741,2.23,4.068210460946439,2.21,4.75,3.05,2.95,1.74,1.82,3.8062500000000004,4.691111111111111,2.17,1.85,1.66,8.64147748477757,1.78,1.29,3.13,1.74,4.57,3.9148319498697917,1.84
2016-04-01,1.36,3.09,2.36,1.54,1.79,1.73,2.57,2.84,3.33,2.32,4.3933177925253695,3.42,3.5906449865675727,2.47,2.48,3.29,1.34,2.92,1.6,4.978750000000001,3.0,3.25,1.51,2.93,8.551964404620229,2.2,3.53,2.19,3.41,2.95,2.59,1.84
2016-05-01,2.95,3.92,2.11,2.5,3.74,4.68,2.49,1.74,3.46,2.53,4.570648735260777,3.05,3.524996226104045,3.8092988232428153,2.88,1.69,2.0,2.27,4.37,4.479583333333333,2.92,10.13,1.3733333333333333,2.72,8.256673158425837,2.79,3.59,3.46,3.12,2.95,2.64,3.17
2016-06-01,1.18,2.68,2.19,1.63,0.06,1.27,4.09,1.64,2.75,2.08,4.721478485640023,2.75,3.7770237518320693,3.3773882351348976,5.06,3.83,2.12,4.72,2.1,4.4,2.92,9.89,1.86,3.91,8.17872111977078,1.55,2.6,1.7,1.77,2.56,1.26,3.47
2016-07-01,5.07,7.07,2.97,2.02,3.66,3.47,1.6,1.54,3.17,2.93,4.74545246936716,3.53,4.685619081491017,2.718336731951841,3.13,3.43,2.99,1.69,1.88,1.85,4.21,4.24,4.413333333333333,2.21,8.24332236141432,2.65,5.56,3.76,4.23,1.89,2.91,1.27
2016-08-01,2.98,7.0,5.09,3.49,5.76,5.08,10.1,3.1,2.5,4.98,4.764980651618384,4.43,3.3816902244169853,1.57,0.75,2.77,6.49,4.67,1.63,3.0400000000000005,3.73,6.2,6.67,4.66,8.613026847096624,5.5,5.44,3.46,10.5,4.5,5.01,8.77
2016-09-01,0.15,0.99,0.48,1.79,0.74,0.76,1.22,2.18,1.63,0.31,4.825841927013636,1.61,2.7099672824141527,2.9,0.0,2.34,1.26,1.66,0.67,2.626666666666667,2.41,2.51,1.49,2.77,8.628138639555544,1.25,1.25,0.24,1.03,0.56,2.986666666666667,1.71
2016-10-01,0.41,0.96,0.41,0.03,0.13,0.49,0.03,0.0,0.14,0.15,5.00459676410904,0.33,0.0,0.0,0.19,0.05,0.14,0.99,0.05,0.32,2.846666666666667,0.28,0.21,0.12,7.701603119187638,0.6,1.18,2.2066666666666666,0.91,0.06,0.0,0.03
2016-11-01,1.63,2.51,2.02,1.57,1.33,1.95,2.24,1.49,1.65,4.503333333333333,5.082606197465692,1.1,4.5,1.82,2.75,1.52,3.26,2.17,2.21,2.06,2.15,2.23,4.840000000000001,1.36,7.009179055001877,1.66,1.75,1.45,1.61,1.46,1.67,1.52
2016-12-01,2.93,5.14,3.59,3.53,3.16,4.19,2.42,3.52,5.586666666666667,2.86,5.067189266446077,4.15,5.535,3.29,2.94,4.25,5.85,5.77,3.11,4.16,3.78,4.2,3.66,5.09,7.263583573056531,3.77,4.66,4.15,4.52,5.48,2.64,3.0
2017-01-01,6.37,5.37,5.75,5.67,5.12,5.76,6.51,6.6,5.96,5.83,5.003239946608978,6.74,5.273308456099102,5.71,7.28,5.11,5.93,5.48,6.66,5.16,6.36,6.09,5.6,6.01,8.031816458231841,5.87,5.21,8.95,5.51,7.34,5.97,6.2
2017-02-01,2.39,1.59,1.32,1.48,2.57,1.62,1.19,2.69,2.47,1.79,4.885845110624603,1.92,4.934558456099102,1.87,3.09,1.7,2.32,1.66,1.22,2.02,2.83,1.82,1.71,2.31,8.540246889430598,2.24,0.87,4.04,1.7,3.1,2.26,1.24
2017-03-01,3.67,5.75,4.86,2.5,3.71,4.64,4.31,4.27,4.9,4.07,4.689012047217172,6.09,4.50138445852277,4.07,4.88,6.32,5.77,6.12,3.34,2.913125,4.22,3.4,3.3266666666666667,5.42,8.590862187104083,3.99,5.24,4.58,5.16,5.7,3.45,3.62
2017-04-01,7.7,7.54,5.54,7.06,7.17,7.41,6.86,5.21,4.21,5.28,4.541164919871271,5.91,4.046014722545172,4.0,7.59,7.35,5.803333333333334,6.61,5.96,4.440625,5.4,4.92,6.42,6.83,8.571413295862156,6.57,7.12,7.51,6.66,6.26,2.96,7.04
2017-05-01,6.01,8.74,6.67,5.53,6.3,7.36,6.24,6.52,10.04,6.95,4.555906827566024,7.64,3.7855054743246086,8.74,6.58,9.82,10.3,7.18,7.13,4.783402777777778,11.31,5.95,5.63,9.23,8.414043227143996,8.92,6.16,8.71,6.68,6.86,8.93,6.24
2017-06-01,6.96,6.62,5.13,4.86,9.34,4.43,8.33,4.77,4.3,5.24,4.638692656603023,5.69,3.781264613078339,3.97,5.57,7.3,4.57,5.13,5.04,5.43,6.47,9.54,7.91,8.12,8.296382173457388,5.62,5.73,5.41,6.14,5.7,3.37,7.92
2017-07-01,2.57,3.35,3.6,2.26,2.17,4.15,3.08,3.64,6.99,2.73,4.692072562985091,4.95,4.233441847284678,4.16,4.11,4.97,7.82,6.34,3.83,3.9666666666666663,5.18,5.61,5.82,6.65,8.269852267435855,3.98,7.34,4.67,5.88,3.53,2.763333333333333,2.83
2017-08-01,3.52,7.47,5.64,2.83,3.02,4.62,5.47,3.27,3.26,5.82,4.728526607301737,5.29,3.8075660358508316,3.78,2.68,5.99,3.82,7.11,4.52,3.8755555555555556,4.67,6.37,3.91,5.74,8.44143955726624,4.61,8.08,3.86,8.32,3.72,2.01,4.3
2017-09-01,5.13,5.51,4.6,3.85,4.56,4.99,4.19,6.63,4.53,4.43,4.777184267157686,5.04,3.258766659132492,6.65,4.01,5.87,3.71,3.9,4.023333333333333,4.62,6.48,5.63,4.32,4.83,8.534789098410892,5.71,3.16,5.47,3.56,6.15,4.26,3.99
2017-10-01,5.29,9.63,6.48,6.28,5.26,7.13,5.71,4.46,4.67,6.08,4.890890515633363,8.09,1.4395888863774975,4.76,3.93,6.65,4.94,7.8,6.88,4.71,4.71,3.82,4.57,6.3,8.118196108799264,4.62,7.95,4.11,7.58,5.89,4.02,4.99
2017-11-01,1.5,1.17,1.18,1.89,1.37,0.97,1.22,1.04,1.14,1.08,4.986748356549528,1.06,2.3331962954591656,1.2,0.95,1.51,1.8,1.15,0.98,3.3266666666666667,1.11,1.34,0.76,1.56,7.56368758190057,1.2,2.02,1.52,1.37,0.83,0.87,1.4
2017-12-01,2.75,3.69,3.55,2.43,2.77,3.16,2.75,4.21,5.135555555555555,3.18,5.026968811497802,4.25,1.06,2.75,2.5,4.48,2.9,4.06,2.65,3.565555555555555,4.12,3.71,2.93,4.28,7.4136355774785505,2.85,3.32,5.01,4.02,4.93,1.626666666666667,2.84
2018-01-01,4.2,6.8,4.31,5.07,4.51,4.45,4.63,1.9,6.591851851851852,3.06,5.0151043790533905,4.59,0.98,1.72,1.51,1.26,1.7,2.79,2.58,3.21,2.42,2.74,4.63,3.36,7.722726017855196,2.7,5.12,1.21,3.81,1.36,1.37,4.76
2018-02-01,4.81,10.07,6.47,4.37,4.01,7.14,5.78,8.32,8.68,6.34,4.9504747448389965,8.14,5.56,7.65,9.25,8.57,6.29,9.25,5.07,3.606666666666667,7.12,6.2,4.35,10.07,8.131486453642896,6.7,9.57,7.14,10.16,8.19,7.19,5.73
2018-03-01,5.52,5.86,6.1,3.76,5.27,6.33,3.18,5.55,6.0566666666666675,5.27,4.819743396028084,6.24,3.29,5.75,5.94,6.47,4.58,7.77,5.16,5.59,6.0,5.96,3.65,7.33,8.36117432037349,4.7,7.57,5.93,8.12,5.87,4.49,3.46
2018-04-01,5.78,7.94,5.81,4.7,4.59,7.37,5.49,3.93,4.59,6.47,4.6804541579496775,5.65,3.668007361272586,3.93,4.36,6.41,8.11,7.17,4.37,5.96,4.12,4.53,5.28,6.47,8.466293808117822,5.4,5.99,4.54,7.42,5.12,4.27,5.23
2018-05-01,7.43,14.16,9.3,7.83,9.86,13.97,9.31,3.05,1.79,11.3,4.618180492757851,9.07,3.7267564177985975,2.94,4.13,6.02,9.205,11.94,8.96,5.12,4.43,5.36,7.9,9.44,8.440168517630909,8.28,19.14,5.25,16.88,7.36,2.94,12.25
2018-06-01,4.48,5.39,4.45,2.96,2.21,3.3,7.28,4.58,5.47,4.53,4.628436574680437,9.24,3.754010515438468,6.67,7.6,8.52,6.8875,5.22,4.86,5.22,6.02,6.3,4.9,8.21,8.368275345544149,5.95,11.4,5.09,12.33,10.63,4.39,7.76
2018-07-01,2.96,9.43,5.51,4.8,6.93,1.99,4.98,2.73,6.64,5.34,4.660254568832764,6.6,3.993726181361573,4.79,4.74,14.27,7.35375,3.83,2.61,5.1,1.91,5.98,6.17,2.96,8.319063806490002,2.59,5.64,4.48,4.13,5.93,2.21,4.34
2018-08-01,6.22,9.05,8.88,5.54,4.38,6.81,4.36,6.02,3.9,6.69,4.69439058806725,6.59,3.9006461086062023,6.08,10.68,10.16,5.586875,7.35,7.87,6.64,3.39,7.74,6.23,6.21,8.380251681878121,5.59,7.3,5.95,7.51,4.96,5.48,4.59
2018-09-01,3.35,5.54,2.52,1.99,1.6,3.39,1.75,4.81,3.28,2.93,4.735787427612468,2.09,3.5797063838693473,4.88,3.31,7.09,4.798958333333333,4.56,3.45,5.63,4.51,1.84,3.03,1.54,8.457520390144506,1.09,4.29,4.17,4.42,7.96,3.85,2.04
2018-10-01,3.38,5.51,4.85,3.72,3.89,4.38,4.26,4.91,5.18,4.3,4.813338971622915,5.19,2.5096476351234225,4.99,3.65,4.24,4.946319444444444,7.25,5.06,5.17,6.91,4.46,3.97,4.77,8.287858249471885,4.38,5.62,4.06,5.68,2.91,4.94,4.06
2018-11-01,8.14,9.22,8.87,7.46,7.65,9.54,7.35,9.88,8.24,9.04,4.900043664086222,8.31,2.421421965291294,3.5666666666666664,10.48,7.9,5.1,9.07,9.42,5.145555555555556,9.26,7.26,8.47,8.59,7.9257729156862275,8.84,10.0,8.95,8.56,7.32,6.95,7.38
2018-12-01,12.85,15.4,12.89,10.38,11.66,14.27,10.89,10.51,9.89,13.98,4.9635062377920125,9.97,1.740710982645647,3.6088888888888886,9.71,10.57,4.0,14.59,13.66,5.217037037037038,9.7,13.89,12.81,13.75,7.6697042465823895,13.64,14.24,11.79,15.26,10.21,9.9,10.74
2019-01-01,6.0,8.09,5.97,4.93,5.58,6.45,5.34,6.16,7.05,6.1,4.9893053084227015,6.37,1.3603554913228235,4.51,6.31,8.93,2.85,7.5,6.45,6.94,6.36,5.71,6.32,8.25,7.696215132218793,5.62,9.46,6.96,7.91,7.67,4.26,5.43
2019-02-01,6.13,11.83,8.97,3.72,6.89,9.26,3.61,9.75,7.44,8.19,4.969890026630849,11.45,3.4601777456614116,6.08,9.99,10.74,4.57,11.76,6.56,10.16,6.66,5.58,5.88,12.69,7.913850792930845,8.67,14.08,10.11,13.22,11.31,7.2,3.75
2019-03-01,3.7,6.89,4.3,2.99,3.56,3.99,2.09,5.73,4.02,3.28,,6.69,,,3.8,6.23,,5.23,1.66,4.54,2.97,3.56,2.86,5.91,,3.65,5.39,5.8,5.24,5.53,3.78,2.84
2019-04-01,8.21,6.67,6.58,2.51,3.0,8.13,3.38,4.39,5.79,7.21,,8.63,,,5.46,3.18,,7.86,9.62,5.94,4.66,5.94,4.84,9.1,,4.82,10.41,4.79,9.29,4.5,4.73,2.64
