Date,"ATHENS, TN","BRISTOL AP, TN","CHATTANOOGA AP, TN","CLEVELAND FILTER PLANT, TN","DAYTON 2SE, TN","DECATUR 7NE, TN","ELIZABETHTON, TN","ERWIN 1 W, TN","GATLINBURG 2 SW, TN","GREENEVILLE EXP STA, TN","KINGSPORT, TN","KINGSTON, TN","KNOXVILLE EXP STA, TN","KNOXVILLE AP, TN","LENOIR CITY, TN","LOOKOUT MTN-POINT PARK, TN","MONTEAGLE, TN","MORRISTOWN RADIO WCRK, TN","MORRISTOWN WFO, TN","MT LECONTE, TN","NEWCOMB, TN","NEWFOUND GAP, TN","NEWPORT 1 NW, TN","NORRIS, TN","ONEIDA, TN","PIKEVILLE, TN","ROAN MOUNTAIN 3SW, TN"," ROCKWOOD 2, TN"," ROGERSVILLE 1 NE, TN","SODDY DAISY-MOWBRAY MTN, TN","SPRING CITY, TN","TAZEWELL, TN"," TOWNSEND 5S, TN"
1980-01-01,5.95,3.91,4.69,4.4,4.89,,,3.45,,4.16,4.64,6.07,6.78,5.54,6.24,,,,,,4.73,,4.95,5.6,5.13,,,6.2,5.15,,,6.06,
1980-02-01,2.13,1.39,2.16,1.45,1.93,,,1.62,1.68,1.04,1.63,1.55,1.73,1.78,1.89,,,,,,2.17,,1.74,,2.78,,,1.59,1.28,,,2.43,
1980-03-01,12.27,5.68,16.32,13.33,11.68,,,6.08,5.23,6.5,6.35,9.54,9.43,8.72,13.13,,,,,,7.3,,7.57,,8.38,,,10.63,6.5,,,7.51,
1980-04-01,4.48,3.56,4.78,4.34,5.05,,,3.55,4.92,3.05,4.04,3.44,3.58,3.3,3.77,,,,,,3.77,,3.4,4.41,4.01,3.69,,3.99,3.54,,,3.37,
1980-05-01,3.55,2.69,4.25,4.61,4.93,,,3.13,2.88,3.82,2.65,5.06,3.97,3.8,3.79,,5.6,,,,3.42,,3.7,4.47,4.54,5.04,,5.72,2.8,,,3.79,
1980-06-01,2.22,1.1,2.67,1.44,3.46,,,4.17,2.64,1.73,1.62,1.04,1.22,1.94,1.0,,3.17,,,,0.79,,1.26,,0.57,1.46,,1.17,1.62,,,1.38,
1980-07-01,1.77,3.82,1.28,1.45,1.07,,,5.1,4.26,4.33,4.67,1.58,3.83,3.57,4.66,,1.78,,,,3.65,,4.66,3.19,5.26,0.61,,2.5,5.09,,,4.84,
1980-08-01,2.72,2.54,0.96,4.34,0.8,,,4.13,4.69,4.27,3.86,3.03,4.7,2.34,4.08,,3.8,,,,2.8,,3.81,3.9,3.61,2.76,,3.52,3.68,,,3.91,
1980-09-01,6.74,3.01,4.62,3.96,5.6,,,4.35,6.76,4.55,2.49,2.22,2.11,2.38,2.41,,3.97,,,,2.42,,4.37,2.77,4.42,3.85,,2.22,5.97,,,1.96,
1980-10-01,3.62,2.09,1.56,1.91,2.53,,,2.76,1.43,2.04,2.9,1.25,2.11,1.53,2.69,,2.5,,,,0.83,,1.81,0.93,1.91,0.99,,1.06,1.41,,,0.59,
1980-11-01,5.26,2.1,4.68,4.67,4.37,,,1.66,3.96,2.39,2.63,4.19,4.26,3.78,4.19,,5.41,,,,3.65,,2.63,4.46,4.56,3.62,,5.05,2.68,,,3.51,
1980-12-01,1.09,1.38,0.9,1.01,1.29,,,1.95,1.34,1.76,1.46,1.54,2.15,1.78,1.54,,1.39,,,,1.55,,1.91,1.61,1.43,1.38,,1.6,0.88,,,1.23,
1981-01-01,1.44,1.37,1.91,1.45,1.35,,,1.6,2.38,1.82,1.52,0.93,0.8,1.05,1.06,,2.4,,,,1.53,,1.82,3.6933333333333334,2.63,1.5,,1.31,1.38,,,1.51,
1981-02-01,5.11,2.59,5.07,4.79,5.66,,,3.53,6.52,3.06,3.37,5.55,4.5,3.62,5.13,,5.04,,,,3.69,,2.06,3.7816666666666667,3.6,5.34,,6.13,3.45,,,4.63,
1981-03-01,3.93,1.94,4.44,3.34,3.44,,,3.53,3.98,2.21,2.08,3.14,3.23,2.83,3.0,,5.12,,,,4.31,,2.64,3.87,4.53,3.57,,3.55,3.06,,,2.48,
1981-04-01,4.87,5.1,3.81,5.11,3.11,,,5.22,5.73,4.32,4.13,4.35,4.85,4.84,6.66,,4.37,,,,6.19,,3.93,4.140000000000001,4.68,5.6,,5.24,4.44,,,4.77,
1981-05-01,3.02,4.51,3.38,2.74,5.1,,,6.12,4.87,3.77,5.01,3.64,3.27,3.02,3.06,,4.9366666666666665,,,,5.67,,3.61,4.305,5.42,4.41,,4.11,3.74,,,4.38,
1981-06-01,4.7,4.28,3.7,3.73,3.12,,,4.03,6.06,4.43,3.24,5.22,7.43,5.53,6.77,,4.84,,,,4.26,,5.2,6.1425,5.32,2.9,,5.65,4.74,,,4.31,
1981-07-01,4.13,6.24,3.99,1.63,3.41,,,9.66,5.74,6.41,6.19,3.29,2.52,2.03,3.42,,4.78,,,,5.61,,5.69,5.770833333333333,4.12,3.45,,4.04,3.87,,,4.84,
1981-08-01,6.44,3.05,4.21,4.38,4.24,,,1.69,3.73,2.33,3.62,4.15,3.18,3.48,3.66,,5.84,,,,2.52,,1.43,7.98,2.2,2.9266666666666663,,3.57,2.73,,,6.79,
1981-09-01,3.87,4.17,2.74,1.46,1.81,,,3.46,4.56,4.98,4.31,2.44,4.14,6.09,2.52,,2.25,,,,2.33,,5.23,3.53,4.1,2.57,,2.94,3.75,,,4.42,
1981-10-01,3.61,2.51,2.8,3.76,3.3,,,1.99,3.17,2.81,2.67,4.2,5.23,4.15,4.31,,5.7,,,,4.76,,2.73,4.97,6.59,3.69,,4.79,4.21,,,4.86,
1981-11-01,3.85,1.95,4.85,4.53,3.24,,,2.37,3.8,2.26,1.83,2.65,3.01,3.01,2.1,,3.85,,,,2.26,,2.07,4.886666666666667,3.01,4.33,,3.9,3.19,,,1.65,
1981-12-01,5.93,3.2,5.02,4.68,4.68,,,3.29,3.38,3.25,2.83,4.2,4.82,4.14,4.68,,4.793333333333334,,,,3.61,,3.16,3.908888888888889,3.11,3.9,,4.77,3.66,,,3.69,
1982-01-01,8.45,4.07,8.29,8.07,8.83,,,5.03,5.71,3.6,5.23,7.25,7.4,6.03,6.85,,9.14,,,,6.46,,5.0,5.23,3.82,6.59,,8.36,8.24,,,6.91,
1982-02-01,5.97,5.07,5.95,5.57,5.71,,,4.92,6.41,5.73,7.33,5.97,5.34,4.88,6.14,,6.03,,,,5.14,,5.84,3.03,2.07,4.783333333333333,,7.89,6.2,,,6.28,
1982-03-01,4.5,3.35,4.8,5.35,3.53,,,3.76,4.65,3.21,3.01,5.05,6.03,6.36,6.11,,5.06,,,,3.29,,3.97,4.04,5.33,3.591111111111111,,4.16,2.8,,,3.9033333333333338,
1982-04-01,3.59,2.3,4.48,4.18,3.58,,,3.15,3.35,2.91,3.16,2.95,2.9,3.26,3.15,,4.84,,,,3.8,,3.3,2.48,4.53,2.42,,5.2,2.99,,,2.95,
1982-05-01,3.33,2.55,1.44,1.31,1.81,,,3.44,7.78,2.42,2.34,2.86,2.8833333333333333,5.52,4.31,,4.29,8.01,,,4.93,,4.37,2.3,4.26,3.26,,5.72,2.07,,,4.34,
1982-06-01,4.12,5.52,2.76,3.28,1.75,,,4.43,4.36,4.27,6.64,2.34,2.48,3.93,4.06,,1.41,8.01,,,4.23,,2.96,4.48,8.38,4.043333333333333,,5.72,3.8,,,4.74,
1982-07-01,5.03,9.14,4.79,1.97,4.52,,,9.67,8.21,4.64,5.48,4.08,10.59,6.6,8.95,,4.66,8.01,,,5.02,,4.01,3.5,5.65,5.97,,5.79,4.82,,,3.54,
1982-08-01,4.71,4.7,6.42,6.22,10.14,,,3.25,6.163333333333334,5.08,5.42,5.61,6.69,2.68,7.73,,6.03,3.21,,,4.65,,6.89,3.13,5.74,3.9155555555555552,,6.59,3.05,,,3.8,
1982-09-01,1.81,5.53,1.34,2.24,1.83,,3.29,4.89,6.55,2.13,7.1,3.27,4.510000000000001,2.68,2.75,,1.74,1.79,,,4.28,,2.47,3.45,7.84,2.85,,3.46,4.28,,,6.07,
1982-10-01,3.48,2.54,1.98,2.05,3.88,,3.29,4.79,3.54,2.9,3.66,2.02,2.7,2.66,2.43,,3.9,2.79,,,2.16,,3.28,0.86,1.53,1.9,,2.85,3.22,,,2.23,
1982-11-01,6.38,4.12,7.65,7.43,7.41,,3.29,3.69,7.36,4.32,4.35,6.11,6.65,5.21,5.43,,5.4,5.19,,,5.86,,5.63,6.84,6.69,7.06,,7.92,5.24,,,5.59,
1982-12-01,8.5,2.89,8.05,7.7,9.05,,3.32,2.81,4.42,3.0,3.14,8.04,4.83,4.89,6.93,,7.59,4.98,,,5.56,,3.65,5.374444444444444,4.85,5.51,,7.78,4.93,,,6.22,
1983-01-01,2.3,1.67,2.65,2.3,2.43,,2.945,2.29,2.52,1.55,2.07,1.59,2.36,1.58,2.05,,2.6,2.12,,,2.24,,1.43,4.2448148148148155,3.11,2.26,,2.74,2.06,,,2.21,
1983-02-01,4.38,2.14,4.52,4.62,4.56,,2.57,3.27,3.94,2.13,2.81,3.59,3.8,2.9,4.38,,5.98,2.96,,,5.03,,3.07,3.134938271604939,3.47,3.08,,5.08,2.88,,,3.13,
1983-03-01,3.34,1.73,3.66,3.56,4.46,,2.96,4.29,5.36,2.07,1.25,2.93,1.86,1.99,2.24,,3.66,1.75,,,4.16,,1.66,2.13,3.62,3.07,,4.07,1.19,,,1.55,
1983-04-01,7.91,4.44,6.4,7.47,8.96,,5.46,6.01,3.44,5.1,4.38,7.13,6.95,5.88,6.82,,6.303333333333334,5.47,,,3.98,,5.06,3.57,6.67,8.92,,8.31,5.37,,,4.85,
1983-05-01,6.68,4.83,6.65,9.44,6.74,,5.72,5.8,5.84,3.3066666666666666,4.96,6.44,7.13,5.42,7.95,,10.41,4.99,,,4.455,,6.18,8.34,8.43,6.2,,7.4,6.17,,,8.42,
1983-06-01,1.63,4.6,3.29,3.06,4.45,,2.09,4.31,2.32,2.4,2.52,2.0,3.05,3.26,2.12,,2.55,2.67,,,4.3425,,2.7,2.87,3.16,4.19,,2.68,2.84,,,2.86,
1983-07-01,1.73,3.29,2.52,3.58,1.25,,4.11,3.41,4.5,4.94,4.7,2.77,3.07,3.18,3.57,,8.7,4.02,,,4.334166666666667,,3.25,2.15,2.12,1.93,,1.68,3.0,,,2.66,
1983-08-01,2.44,5.05,1.34,1.94,3.34,,4.51,1.86,4.51,2.96,6.44,0.79,2.89,3.89,2.8,,3.54,3.25,,,4.208055555555556,,4.84,4.18,3.25,1.54,,2.02,3.62,,,2.24,
1983-09-01,1.54,1.88,1.15,2.54,2.42,,1.45,1.97,4.46,1.49,1.98,1.1,1.18,0.95,1.06,,3.59,1.12,,,3.64,,1.26,1.58,2.59,1.09,,2.8,1.58,,,1.81,
1983-10-01,3.97,2.18,2.64,4.67,3.71,,2.27,1.93,3.78,2.41,3.16,3.59,4.5,3.34,4.21,,2.54,2.03,,,4.24,,2.6,4.1,6.99,2.43,,4.91,2.61,,,2.7,
1983-11-01,6.09,2.74,9.57,7.6,7.64,,3.96,3.64,3.34,3.82,2.81,5.94,4.84,4.4,5.35,,10.73,2.81,,,4.8,,3.25,4.58,5.67,7.55,,7.25,4.17,,,4.15,
1983-12-01,5.926666666666667,4.15,8.34,8.23,7.96,,3.0833333333333335,3.93,6.13,4.03,4.69,6.68,6.91,5.69,6.7,,7.33,5.52,,,5.6,,4.28,4.977222222222222,6.29,7.16,,7.04,5.6,,,5.31,
1984-01-01,3.19,1.79,3.25,2.98,2.91,,1.97,1.86,0.88,2.13,2.05,2.76,2.74,2.26,2.75,,3.13,2.18,,,2.7,,1.87,4.611018518518518,2.48,2.2,,4.3,2.11,,,2.37,
1984-02-01,5.58,4.5,4.4,4.31,3.85,,5.06,5.15,2.41,4.63,4.09,3.55,4.73,4.42,3.84,,3.45,4.2,,,6.54,,3.64,3.872978395061729,4.73,3.956666666666667,,3.31,5.63,,,6.98,
1984-03-01,3.81,2.73,3.75,3.51,5.48,,3.5866666666666664,3.47,4.773333333333333,3.56,2.99,4.73,4.47,3.79,4.32,,5.27,3.81,,,5.87,,2.85,4.457659465020576,6.7,6.59,,5.47,3.533333333333333,,,4.27,
1984-04-01,6.36,2.85,6.28,5.75,6.01,,2.74,2.61,4.92111111111111,2.77,3.23,4.42,3.84,3.37,3.7,,6.83,4.1,,,3.71,,3.44,5.1325531550068595,4.07,5.24,,6.04,3.78,,,3.6,
1984-05-01,12.5,7.42,6.57,10.35,10.41,,7.37,7.38,6.55,9.22,8.37,7.52,9.79,10.14,10.34,,8.62,8.3,,,9.92,,9.14,7.37,9.56,12.17,,7.88,8.09,,,11.24,
1984-06-01,2.32,3.86,2.52,3.33,2.59,,2.41,2.85,4.53,4.93,5.16,2.48,2.77,4.34,2.52,,0.88,2.89,,,0.4,,4.01,5.12,2.54,3.72,,2.76,5.14,,,2.68,
1984-07-01,9.5,4.63,6.32,8.37,6.83,,5.44,9.48,15.59,10.54,5.49,10.36,2.6833333333333336,9.03,8.8,,7.5,6.93,,,9.23,,11.8,3.635,5.78,6.68,,10.89,5.02,,,6.04,
1984-08-01,2.46,1.23,2.48,2.94,3.54,,2.63,1.39,6.47,2.88,3.14,1.09,2.21,1.72,0.79,,2.64,2.53,,,3.41,,3.82,4.718333333333333,1.88,2.15,,5.64,2.36,,,1.56,
1984-09-01,1.44,1.43,0.51,2.62,1.26,,0.83,1.04,1.42,2.11,0.35,0.89,1.19,0.85,0.78,,0.23,0.57,,,1.18,,0.75,4.212777777777777,0.54,0.54,,3.05,0.63,,,0.62,
1984-10-01,5.18,1.14,6.38,6.74,5.1,,1.32,1.04,1.34,1.18,2.23,2.94,4.47,3.26,4.97,,6.56,2.46,,,6.06,,1.25,6.34,8.01,5.99,,6.14,3.04,,,5.77,
1984-11-01,3.38,2.61,3.44,3.68,4.79,,3.22,2.88,4.88,3.21,3.19,4.34,3.96,2.87,3.96,,6.91,2.87,,,5.7,,2.1266666666666665,5.91,6.1,9.39,,5.85,3.67,,,4.33,
1984-12-01,2.86,1.76,1.84,2.22,1.88,,2.16,1.87,4.17,1.79,1.8,2.62,3.01,2.49,2.68,,3.69,2.05,,,3.5,,1.88,2.03,2.65,2.2,,3.15,0.92,,,2.82,
1985-01-01,2.88,3.21,3.45,2.26,3.31,,3.52,2.96,3.53,1.8133333333333332,2.86,2.3,2.94,3.17,2.22,,4.06,2.51,,,3.08,,3.37,2.54,2.78,4.17,,3.01,4.2,,,3.31,
1985-02-01,5.45,3.4,4.95,4.72,4.46,,4.26,4.55,5.54,2.654444444444444,4.31,4.04,4.59,4.11,4.5,,5.36,4.27,,,4.16,,4.81,2.89099279835391,2.09,3.12,,4.95,4.03,,,4.34,
1985-03-01,1.77,1.31,2.27,1.89,2.13,,1.5,1.74,1.89,1.52,1.36,1.5,1.83,1.98,2.88,,3.93,2.12,,,1.51,,1.5,2.26,2.78,2.5,,2.5,1.8,,,1.98,
1985-04-01,2.65,2.08,2.81,2.78,3.0,,2.49,3.52,2.63,3.17,2.58,2.46,2.81,2.86,2.73,,4.11,1.62,,,3.21,,2.58,2.29,2.77,4.15,,3.23,1.95,,,2.81,
1985-05-01,2.98,2.85,4.36,2.74,5.67,,2.78,2.77,3.01,1.82,2.77,2.47,1.57,1.6,2.46,,3.57,1.95,,,4.41,,2.21,3.13,5.83,3.81,,3.16,1.32,,,2.3,
1985-06-01,3.62,4.35,2.22,4.97,4.34,,4.13,5.27,4.55,4.57,4.36,2.76,2.63,4.77,5.44,,3.43,5.77,,,1.91,,4.33,7.07,2.56,3.765,,6.67,4.7,,,3.61,
1985-07-01,1.19,4.38,3.1,3.0,2.79,,7.25,5.29,3.25,6.283333333333334,6.05,3.93,3.55,2.63,2.98,,6.36,2.12,,,4.67,,2.73,4.33,8.72,5.2225,,5.17,3.69,,,4.44,
1985-08-01,5.62,3.09,4.93,5.44,9.7,,3.68,6.11,4.72,3.74,3.47,6.6,6.8,4.07,5.76,,9.97,4.09,,,9.57,,4.92,7.46,8.85,3.6862500000000002,,10.25,3.84,,,5.95,
1985-09-01,1.32,0.5,0.93,0.87,1.72,,1.41,1.03,1.16,1.07,0.38,1.86,0.43,0.42,0.96,,1.8,0.32,,,2.44,,0.54,0.95,2.74,2.113125,,1.71,0.79,,,0.32,
1985-10-01,3.08,3.02,4.83,4.02,3.49,,1.59,1.12,2.85,2.47,3.51,2.09,3.65,3.04,3.15,,6.8,2.53,,,2.04,,2.07,3.2,3.99,3.2310416666666666,,2.51,4.37,,,3.42,
1985-11-01,3.34,5.87,3.34,3.18,3.89,,8.02,5.2,5.32,5.16,7.22,3.93,5.66,5.39,3.98,,4.41,6.19,,,5.26,,5.32,4.44,4.07,4.737013888888889,,4.83,7.39,,,5.12,
1985-12-01,1.94,1.17,2.36,2.04,1.86,,1.25,0.86,1.22,0.89,0.8,0.97,1.68,2.36,1.3,,2.09,3.106666666666667,,,1.4,,1.6,0.95,2.716666666666667,1.59,,1.56,1.95,,,1.37,
1986-01-01,1.91,1.55,0.9,1.38,1.1,,1.57,1.14,2.5733333333333337,2.0,1.76,2.03,1.76,0.95,1.98,,3.9333333333333336,1.08,,,1.22,,1.01,1.38,1.43,0.85,,1.55,1.0,,,3.2133333333333334,
1986-02-01,4.1,4.11,3.78,4.28,5.03,,3.82,3.0,3.6944444444444446,3.26,4.32,4.52,4.19,3.9,5.53,,5.65,2.353333333333333,,,5.37,,3.09,4.02,1.7833333333333332,5.17,,4.73,1.9633333333333336,,,4.96,
1986-03-01,2.02,1.56,1.42,1.75,3.5,,1.82,2.02,2.97,1.59,1.78,2.16,2.14,1.69,1.81,,2.82,1.71,,,2.07,,1.62,3.0,1.83,2.21,,2.34,0.86,,,2.2,
1986-04-01,1.84,0.51,1.28,1.21,1.48,,0.92,1.4,2.15,1.25,0.47,1.56,1.94,2.25,1.61,,1.59,1.84,,,1.1,,0.88,1.37,1.35,1.29,,1.18,1.09,,,0.91,
1986-05-01,2.98,4.16,3.14,3.28,3.23,,4.88,4.22,3.19,3.31,5.05,2.4,2.77,2.4,3.13,,4.14,5.22,,,4.73,,4.41,3.97,5.13,3.4,,2.79,5.66,,,3.59,
1986-06-01,1.88,0.75,1.64,1.25,1.43,,1.95,3.62,1.37,2.5,1.24,0.9,1.6,0.69,1.13,,3.65,1.47,,,1.47,,0.6,1.77,2.14,1.02,,1.92,2.19,,,1.81,
1986-07-01,1.535,5.5,2.61,1.56,2.15,,5.15,2.71,3.91,2.91,6.15,3.5,3.63,1.89,3.47,,1.56,3.72,,,2.82,,2.47,3.35,0.69,2.88,,3.6,2.34,,,3.02,
1986-08-01,3.5775,3.4,2.78,2.1,5.73,,4.24,5.5,5.88,5.37,3.66,3.7,3.75,3.37,4.37,,6.08,5.74,,,6.74,,7.18,4.88,2.97,3.84,,7.35,3.85,,,4.17,
1986-09-01,3.7925000000000004,3.93,5.86,5.43,4.75,,3.27,2.13,2.75,1.93,4.68,2.49,3.42,3.59,2.87,,10.01,2.82,,,4.75,,3.59,4.58,3.15,4.49,,4.05,5.96,,,4.58,
1986-10-01,4.450833333333334,1.69,6.66,8.4,6.8,,2.35,1.91,2.52,2.51,2.14,4.57,3.94,3.84,5.04,,6.17,2.27,,,4.2,,2.41,3.99,5.77,5.92,,6.07,3.0,,,4.72,
1986-11-01,6.48,2.67,7.6,8.26,6.57,,2.83,2.22,4.62,2.91,3.01,5.15,4.74,3.83,4.67,,8.58,3.09,,,7.08,,3.15,4.443333333333333,9.18,5.75,,6.84,3.0,,,6.42,
1986-12-01,5.65,3.66,4.82,5.42,5.75,,3.88,2.73,3.57,3.34,4.33,5.46,4.59,4.08,5.57,,6.28,4.16,,,3.29,,2.73,4.9,3.76,4.92,,6.11,4.72,,,4.13,
1987-01-01,5.7,4.11,6.29,5.78,4.74,,3.64,3.29,5.06,2.8,4.35,4.26,5.71,4.68,4.84,,4.49,3.06,,,3.36,,3.42,4.16,3.1366666666666667,4.0,,4.19,4.043333333333333,,,3.93,
1987-02-01,5.72,4.13,7.16,6.65,7.22,,4.37,3.57,4.24,4.27,4.18,4.43,4.82,4.63,4.42,,6.16,3.94,,,2.73,,4.28,3.8800000000000003,4.22,6.41,,5.71,6.41,,,3.71,
1987-03-01,3.21,2.8,5.13,2.49,3.91,,2.24,2.39,3.19,2.65,3.37,3.26,3.85,2.91,3.05,,3.95,3.08,,,2.45,,2.1,3.46,3.676666666666667,2.94,,3.93,1.84,,,2.91,
1987-04-01,3.41,5.23,1.66,1.53,4.0,,7.98,7.58,5.84,2.436666666666667,4.44,2.57,2.89,2.18,3.14,,3.0,3.15,,,3.71,,3.91,3.59,4.98,3.65,,3.23,4.43,,,3.17,
1987-05-01,4.46,1.62,4.97,4.74,2.45,,2.38,3.34,6.24,3.41,3.3,3.9,1.67,4.62,4.02,,1.87,2.21,,,4.85,,4.89,3.38,5.596666666666667,4.09,,3.11,2.1,,,4.45,
1987-06-01,1.12,2.64,5.12,3.69,3.21,,3.64,5.32,6.5,5.22,2.29,2.49,5.0,2.66,2.64,,3.07,3.7,,,6.01,,4.67,5.99,6.68,4.9,,3.14,1.78,,,1.22,
1987-07-01,2.68,1.91,1.84,1.48,2.14,,2.88,7.17,1.5,2.89,2.07,3.33,4.3149999999999995,4.67,3.55,,3.0,3.3,,,5.44,,2.82,3.15,3.6849999999999996,1.83,,5.27,4.67,,,3.1,
1987-08-01,6.38,0.55,3.53,2.29,1.35,,1.04,1.52,2.65,4.06,1.28,1.13,4.0325,1.08,0.94,,3.4,2.48,,,2.58,,0.6,3.86,3.3274999999999997,6.0,,3.36,1.33,,,2.95,
1987-09-01,3.99,4.57,4.07,3.85,2.02,,4.21,3.71,3.55,4.0,3.5,2.09,3.72625,1.93,2.51,,3.95,5.32,,,3.38,,2.42,5.85,3.2387499999999996,2.56,,1.42,2.98,,,6.33,
1987-10-01,0.63,0.62,1.13,0.89,0.62,,0.91,0.55,1.01,0.51,0.64,0.54,3.732083333333333,0.6,0.77,,0.57,0.76,,,0.32,,0.51,0.53,4.504375,0.29,,0.37,0.72,,,0.58,
1987-11-01,2.39,2.1,2.4,2.53,3.64,,2.62,2.11,1.58,1.95,1.42,1.9,4.000694444444444,1.21,1.71,,5.28,1.33,,,3.21,,1.11,2.11,6.8421875,4.1,,3.4,1.4,,,1.59,
1987-12-01,5.42,3.0,3.25,3.48,4.63,,3.2,2.1333333333333333,3.66,3.16,3.54,2.91,3.53,3.49,3.66,,4.92,3.28,,,4.53,,3.38,3.8,5.30109375,3.78,,3.21,3.84,,,3.75,
1988-01-01,5.61,2.74,7.1,3.41,6.24,,2.07,1.56,3.746666666666666,1.95,3.46,5.82,5.17,4.29,2.47,,6.63,3.42,,,3.0,,2.63,4.95,4.218880208333333,6.87,,6.42,2.834444444444444,,,3.98,
1988-02-01,2.16,3.2,1.87,0.97,2.12,,3.65,2.41,2.52,3.65,2.79,1.59,3.82,2.94,2.97,,2.19,3.68,,6.26,2.44,,3.03,2.9,4.219440104166667,2.78,,2.87,0.62,,,3.03,
1988-03-01,3.2,1.54,1.83,1.73,2.08,,1.52,2.18,2.53,2.15,2.23,2.98,3.49,2.42,3.76,,3.15,3.11,,6.26,2.34,,3.19,2.99,3.9480533854166673,1.95,,3.18,1.92,,,2.26,
1988-04-01,3.59,2.69,3.3,1.63,4.37,,3.05,4.8,3.24,3.37,2.58,3.38,2.93,2.34,2.42,,5.42,2.23,,6.26,2.73,,2.85,2.99,4.464026692708334,3.91,,4.29,4.26,,,3.69,
1988-05-01,1.41,2.48,2.2,3.185,2.38,,2.95,3.47,3.76,3.24,2.63,2.69,1.9299999999999997,2.35,2.52,,1.96,2.35,,5.31,3.46,,1.99,2.16,5.030346679687501,1.87,,2.61,3.18,,,2.9066666666666667,
1988-06-01,0.93,0.89,0.63,3.4375,0.46,,0.68,1.27,2.72,0.92,1.58,0.3,1.19,0.51,1.19,,4.6466666666666665,2.22,,4.74,0.44,,1.83,0.5,6.160115559895833,1.24,,0.42,0.95,,,0.58,
1988-07-01,5.56,3.2,5.85,3.3458333333333337,7.26,,3.05,4.85,6.1,4.41,4.9,3.77,4.96,3.6,5.02,,8.91,5.07,,11.93,5.88,,3.67,5.44,5.538371853298611,5.5,,7.48,2.06,,,5.25,
1988-08-01,4.97,2.78,4.07,3.5852777777777782,5.81,,3.64,3.7,4.65,2.7,2.27,2.07,1.94,3.2,1.42,,3.8,7.13,,11.33,4.88,,3.26,3.28,6.77,2.94,,4.18,3.35,,,4.0,
1988-09-01,3.94,3.2,6.76,5.12,6.75,,2.85,2.96,3.2,5.01,4.17,6.39,3.69,2.68,5.1,,7.45,3.41,,5.72,4.72,,3.62,4.23,5.25,4.32,,7.28,2.86,,,4.35,
1988-10-01,2.29,1.79,2.1,1.89,1.73,,2.49,2.76,3.07,2.08,1.7,2.22,1.81,1.52,2.1,,2.67,1.67,,4.65,1.68,,1.56,1.8,2.1,2.69,,2.7,2.45,,,1.34,
1988-11-01,5.37,3.44,4.64,4.94,5.76,,3.24,3.41,5.36,3.77,3.57,6.27,4.68,4.82,5.8,,7.01,5.16,,7.99,6.22,,3.64,5.98,6.65,6.07,,7.78,4.54,,,5.07,
1988-12-01,3.13,2.73,3.54,3.73,3.19,,2.67,3.0544444444444445,3.93,3.7900000000000005,2.22,3.12,3.24,3.99,3.37,,3.99,2.83,,3.8,3.37,,3.59,3.67,3.94,3.95,,3.26,4.616666666666666,,,3.49,
1989-01-01,7.4,3.69,5.3,5.68,6.17,,3.43,3.62,5.46,4.44,4.62,7.42,7.96,4.96,7.12,,7.81,6.11,,7.04,5.36,,5.18,6.99,6.85,6.63,,7.56,5.47,,,6.46,
1989-02-01,8.37,4.07,7.16,7.49,6.97,,3.54,3.82,7.83,4.94,3.95,5.52,7.08,6.26,6.29,,7.94,4.19,,11.3,6.5,,6.61,5.06,7.2,6.42,,6.36,2.9466666666666668,,,5.2,
1989-03-01,4.87,3.76,5.86,5.79,7.43,,2.5300000000000002,3.64,4.07,3.54,3.09,5.54,4.49,3.82,4.84,,7.44,3.04,,6.89,5.04,,3.8,4.4,6.3,6.97,,7.62,2.538888888888889,,,4.79,
1989-04-01,3.79,2.97,3.99,4.45,3.14,,3.983333333333333,6.66,3.86,2.29,3.04,2.89,2.88,3.5,4.04,,4.36,2.27,,8.25,2.73,,3.21,2.06,2.51,3.96,,2.63,2.75,,,3.99,
1989-05-01,6.88,4.1,4.56,6.03,6.6,,4.434444444444445,5.66,8.26,4.89,4.55,6.2,5.89,5.31,5.58,,6.86,5.55,,11.6,6.29,,5.75,5.83,6.4,4.39,,5.41,6.35,,,5.64,
1989-06-01,12.26,6.97,9.19,9.9,11.24,,6.37,6.14,7.38,6.88,5.46,10.56,9.0,8.21,7.21,,11.68,6.84,,14.94,11.33,,7.04,12.53,8.83,10.88,,16.34,5.95,,,9.19,
1989-07-01,7.14,3.81,9.93,5.61,8.74,,4.64,5.12,7.6,5.39,5.54,5.15,4.51,2.68,3.8,,8.92,4.06,,10.74,3.63,,3.93,4.18,6.26,9.3,,5.83,7.3,,,2.14,
1989-08-01,3.38,3.41,3.46,2.86,4.54,,2.62,5.63,3.73,6.56,4.11,3.51,4.8,3.16,4.08,,4.36,4.44,,6.45,9.41,,2.8,6.21,5.79,5.41,,5.87,4.1,,,5.4,
1989-09-01,11.27,6.95,11.22,11.59,9.02,,5.19,5.02,10.29,5.38,5.77,6.68,8.54,9.19,6.55,,8.69,6.86,,13.67,8.29,,6.16,6.06,5.76,10.72,,7.4,5.2,,,5.36,
1989-10-01,4.66,1.77,1.77,2.27,3.09,,1.95,0.84,1.97,2.58,2.74,4.34,3.3,1.47,3.15,,5.11,2.31,,4.28,3.97,,1.33,3.35,3.76,2.14,,4.82,5.15,,,3.2,
1989-11-01,6.53,3.18,5.45,5.2,5.66,,2.71,2.4566666666666666,5.42,4.46,4.02,7.69,5.56,4.92,5.76,,5.78,4.36,,7.44,3.43,,5.4,5.58,4.4799999999999995,4.56,,5.64,2.4,,,6.02,
1989-12-01,3.31,3.16,3.71,3.7,3.28,,3.4933333333333336,3.12,2.84,2.76,2.13,3.06,2.5,2.74,3.08,,3.18,3.29,,7.096666666666667,3.17,,3.6,2.67,3.03,3.14,,3.57,3.7,,,4.5633333333333335,
1990-01-01,7.44,3.23,7.46,6.96,6.53,,5.1,3.28,6.84,4.9,4.24,6.05,6.28,5.88,6.23,,6.7,4.94,,10.05,3.64,,4.56,4.93,2.14,5.31,,5.72,3.61,,,4.18,
1990-02-01,8.71,5.06,9.74,9.43,7.95,,5.58,5.15,7.33,5.3,4.67,15.75,6.59,6.9,8.03,,9.45,5.71,,10.79,5.34,,5.97,8.0,5.39,8.66,,8.09,1.66,,,6.69,
1990-03-01,7.47,4.0,9.47,8.8,6.24,,4.73,4.3950000000000005,5.91,5.97,3.79,5.55,5.7,5.73,6.36,,7.05,3.98,,9.16,3.5,,4.42,4.06,4.43,5.62,,5.55,2.63,,,5.2,
1990-04-01,3.45,2.44,2.86,3.86,2.47,,3.45,4.201666666666667,3.31,3.07,2.76,2.47,2.58,2.56,2.61,,3.63,2.49,,4.82,2.26,,2.8,3.07,1.6,2.72,,1.96,1.45,,,3.35,
1990-05-01,5.85,6.57,6.49,6.69,6.35,,6.6,3.8038888888888898,6.24,5.85,5.63,5.9,6.01,4.71,5.44,,4.62,7.53,,11.75,6.67,,6.26,5.88,8.75,4.56,,5.4,4.82,,,6.27,
1990-06-01,3.33,2.9,3.35,2.61,2.73,,3.88,1.55,2.33,2.28,2.88,1.76,1.04,1.72,1.75,,4.68,0.6,,3.61,2.68,,1.5,0.85,2.31,1.47,,2.15,1.42,,,2.14,
1990-07-01,4.42,3.78,4.69,8.89,3.76,,2.96,3.7900000000000005,4.48,2.59,3.78,5.2,6.81,7.56,7.14,,10.5,3.64,,13.02,4.31,,2.76,3.27,2.26,4.02,,6.24,4.2,,,6.16,
1990-08-01,5.18,3.51,2.29,3.69,6.7,,6.36,4.7,5.84,3.35,4.23,3.86,3.26,3.02,3.67,,2.3,3.22,,5.78,5.2,,6.08,3.71,2.42,2.55,,4.68,2.51,,,7.26,
1990-09-01,5.89,1.47,3.69,5.32,2.98,,1.33,2.16,4.96,2.25,1.41,1.57,4.47,2.68,3.68,,3.92,2.27,,7.76,2.3,,2.47,3.58,1.93,3.29,,1.51,3.22,,,2.37,
1990-10-01,4.82,5.23,4.45,4.32,4.05,,6.07,4.52,6.01,4.58,5.68,3.71,4.46,3.64,4.4,,6.63,4.5,,9.92,4.13,,5.15,4.5,5.66,4.18,,5.1,4.2,,,3.63,
1990-11-01,3.11,1.32,3.73,3.34,3.2,,1.17,1.51,2.3,0.95,1.23,2.49,2.06,1.77,2.19,,3.86,0.9,,4.05,2.87,,1.32,1.98,3.21,2.86,,2.79,0.85,,,2.36,
1990-12-01,9.42,4.85,10.34,9.02,14.04,,4.25,4.09,6.99,4.82,5.81,13.75,9.93,8.99,9.47,,18.32,7.39,,8.76,11.47,,5.88,13.19,9.73,16.38,,13.62,9.24,,,9.88,
1991-01-01,3.45,2.01,2.71,3.52,3.07,,2.21,1.64,2.92,1.91,2.04,2.84,3.11,2.53,3.01,,2.73,1.91,,5.25,3.66,,1.57,3.28,4.29,2.35,,3.06,3.44,,,3.09,
1991-02-01,7.48,5.43,8.12,6.65,8.01,,4.48,4.07,5.08,4.75,5.37,9.29,7.35,6.99,8.5,,7.92,5.69,,5.67,8.91,,5.31,7.66,9.33,8.75,,7.68,6.22,,,7.72,
1991-03-01,7.22,6.3,6.58,6.81,6.35,,7.68,7.53,7.22,6.93,6.58,7.18,6.73,6.36,6.53,,8.47,7.02,,7.09,8.07,,6.83,9.71,10.92,7.46,,8.77,3.68,,,7.56,
1991-04-01,4.9,3.39,6.78,6.1,6.52,,2.72,3.17,4.32,2.83,2.54,3.17,3.21,3.97,3.02,,6.63,3.94,,6.44,2.74,,2.85,4.62,2.34,4.87,,4.31,3.9,,,2.94,
1991-05-01,1.43,2.1,4.58,2.88,4.52,,4.64,3.37,3.18,4.82,3.83,4.83,5.57,3.1,4.1,,3.75,2.53,,8.39,6.39,,5.0,4.36,3.4,2.56,,4.41,4.15,,,3.47,
1991-06-01,1.93,4.51,4.11,7.67,3.72,,5.0,4.14,8.35,6.18,4.14,5.85,4.6,6.02,6.84,,9.46,5.78,,9.25,5.39,,4.33,6.22,4.33,4.04,,7.27,6.21,,,7.11,
1991-07-01,4.02,3.81,3.59,2.53,1.99,,5.05,6.78,8.44,4.45,5.42,3.02,3.1,3.45,3.37,,4.26,3.35,,9.43,2.43,,5.53,3.35,5.59,3.06,,5.36,3.83,,,5.19,
1991-08-01,3.64,3.98,4.0,4.12,3.28,,4.01,3.75,7.7,4.76,3.03,2.84,6.81,6.13,6.99,,1.63,6.29,,9.66,2.16,,6.96,2.79,4.34,2.66,,4.82,2.1,,,4.57,
1991-09-01,4.61,2.44,2.37,3.73,3.26,,3.58,4.11,3.19,1.46,3.03,2.22,4.92,3.14,3.18,,3.88,2.27,,2.7,3.66,,2.35,2.84,2.8,3.3,,2.8,3.95,,,2.67,
1991-10-01,0.15,0.31,0.22,0.77,1.7,,0.36,0.26,0.39,0.14,0.51,1.8,1.11,1.1,1.47,,2.82,0.76,,0.77,1.96,,0.01,1.32,1.5,1.79,,1.6,1.1,,,1.9,
1991-11-01,3.92,3.42,4.88,3.99,4.43,,2.84,3.38,5.26,2.73,3.16,3.06,4.49,5.24,3.58,,4.46,3.77,,7.92,2.67,,3.78,3.69,2.8,4.69,,3.23,1.7,,,3.83,
1991-12-01,7.37,6.73,8.02,8.99,12.71,,6.54,5.09,9.05,7.54,9.78,12.09,12.12,10.23,11.72,,16.26,8.57,,11.57,10.7,,7.58,10.99,5.153333333333333,12.34,,12.61,8.53,,,11.02,
1992-01-01,4.21,2.42,4.33,4.69,4.37,,2.62,2.7,4.62,2.31,2.44,3.63,3.96,3.87,3.61,,5.14,2.31,,5.49,2.99,,2.18,3.68,2.93,4.34,,4.23,0.0,,,2.96,
1992-02-01,3.67,3.52,4.63,4.06,3.62,,4.11,3.14,3.86,4.06,3.13,3.0,3.52,3.36,3.14,,3.73,3.73,,5.44,2.72,,3.65,2.98,3.72,3.03,,3.76,2.15,,,2.52,
1992-03-01,4.14,2.62,4.89,4.33,4.86,,3.3,4.18,6.28,3.6,3.08,4.02,5.88,3.99,4.49,,5.63,3.32,,6.366666666666667,3.66,,3.9,4.49,4.55,3.76,,5.036666666666666,2.75,,,4.34,
1992-04-01,1.65,1.53,2.08,1.37,1.98,,1.91,1.7,4.42,1.98,1.63,3.48,3.44,2.11,4.07,,2.77,2.05,,6.57,3.04,,1.89,1.69,1.95,2.7,,2.58,1.87,,,2.55,
1992-05-01,2.68,5.46,1.99,3.04,1.97,,5.51,9.3,6.94,6.13,5.24,2.2,2.84,3.2,2.81,,2.39,3.47,,6.3,4.53,,3.53,2.6,4.42,2.14,,2.5,3.75,,,4.14,
1992-06-01,6.32,3.44,8.87,8.03,10.49,,4.88,7.27,6.42,4.67,4.23,2.97,4.31,3.07,2.4,,7.83,5.28,,7.35,5.39,,4.78,6.2,6.14,6.98,,6.42,3.66,,,4.39,
1992-07-01,7.64,5.11,5.33,5.67,7.42,,7.92,7.18,5.23,3.34,4.38,6.23,6.73,4.62,3.76,,8.8,4.69,,5.41,4.44,,4.28,4.35,6.36,8.55,,6.34,2.68,,,4.76,
1992-08-01,4.68,2.41,3.07,4.64,7.1,,2.73,6.26,6.74,5.33,6.65,4.33,4.71,4.22,6.03,,4.94,3.68,,12.68,5.14,,5.37,3.39,4.71,6.83,,5.93,3.68,,,3.88,
1992-09-01,4.29,1.49,4.71,5.5,6.79,,1.86,3.78,4.03,2.62,1.6,3.63,2.47,1.77,2.97,,5.85,1.96,,6.46,6.17,,0.96,2.92,3.43,4.81,,5.32,1.0,,,3.18,
1992-10-01,4.46,3.42,4.48,4.51,4.46,,4.61,3.78,3.84,3.7,3.09,2.88,4.17,3.05,3.55,,4.0,3.38,,5.33,2.36,,3.89,2.87,3.246666666666666,4.0,,3.88,2.7,,,2.74,
1992-11-01,7.26,2.25,5.88,6.93,6.4,,1.68,1.6,3.31,1.65,2.65,5.19,5.53,4.29,5.73,,7.34,3.29,,9.85,3.43,,2.18,5.28,4.81,5.53,,5.75,3.98,,,4.19,
1992-12-01,7.62,5.05,5.6,6.74,5.75,,5.33,4.81,7.34,5.74,4.72,8.87,7.3,6.68,6.12,,5.74,4.99,,9.290000000000001,4.48,,6.5,4.54,5.22,6.04,,6.1,5.4,,,6.43,
1993-01-01,5.52,3.21,5.16,5.32,4.54,,2.8,2.71,4.08,3.29,3.21,4.75,4.58,4.09,4.11,,4.68,3.28,,6.45,3.25,,3.88,3.74,3.4033333333333338,4.02,,4.23,3.43,,,3.67,
1993-02-01,4.17,2.12,3.69,2.9,2.97,,3.0500000000000003,2.56,2.35,2.34,3.16,4.1,2.91,2.2,2.88,,1.79,3.34,,5.945,3.3,,2.27,3.97,2.06,2.66,,3.61,3.2,,,3.87,
1993-03-01,7.13,5.51,7.4,6.82,8.15,,2.8633333333333333,5.53,7.77,3.66,6.04,9.04,7.14,6.16,5.47,,8.9,3.03,,5.960555555555556,6.75,,5.1,8.97,3.996666666666666,9.2,,8.25,1.56,,,7.11,
1993-04-01,4.11,2.43,3.34,3.75,4.39,,2.24,3.46,3.52,2.77,2.43,4.72,4.13,2.5,5.09,,4.9,2.43,,6.033518518518519,4.71,,1.9,4.19,5.38,4.54,,5.06,2.02,,,3.52,
1993-05-01,2.78,3.42,3.37,5.99,6.64,,3.46,4.11,3.7,3.45,3.26,2.95,4.78,3.78,3.62,,6.32,4.34,,5.57,3.35,,3.57,2.5,2.6,5.14,,5.77,6.24,,,2.71,
1993-06-01,3.54,0.98,1.64,2.98,1.36,,1.88,2.51,2.81,2.11,2.73,2.32,2.55,0.9,2.08,,4.43,3.87,,7.63,1.43,,2.56,1.76,4.99,2.11,,3.74,1.23,,,1.98,
1993-07-01,1.61,4.59,1.3,1.69,2.21,,4.93,5.01,5.18,3.08,2.05,1.79,4.06,2.03,2.43,,3.58,3.11,,3.63,1.03,,3.75,2.38,3.83,1.98,,3.24,1.57,,,4.35,
1993-08-01,3.42,5.01,2.12,2.01,2.72,,3.32,2.16,6.51,5.84,4.16,2.78,5.94,6.04,6.22,,4.17,6.51,,9.02,6.55,,5.14,5.25,5.65,2.62,,2.58,6.43,,,7.45,
1993-09-01,4.98,2.5,1.68,4.24,3.62,,3.53,3.76,4.92,3.12,2.7,3.43,4.75,4.77,6.46,,3.39,2.55,,6.99,4.61,,3.35,4.57,4.58,2.38,,5.07,3.81,,,4.86,
1993-10-01,1.72,2.19,1.8,2.1,1.91,,2.18,2.1,1.79,2.12,1.98,1.79,2.95,2.25,2.46,,2.05,2.64,,2.79,2.95,,2.49,2.98,3.16,2.61,,2.69,2.76,,,1.63,
1993-11-01,4.51,3.58,3.33,3.28,3.94,,2.15,2.01,1.96,2.85,4.03,3.56,3.91,3.33,3.38,,4.59,3.57,,6.06,2.85,,3.58,4.18,3.15,3.78,,4.93,1.96,,,3.7,
1993-12-01,6.55,5.85,5.26,5.69,6.24,,4.706666666666667,5.28,6.91,6.06,4.92,6.23,7.5,7.04,8.39,,7.47,5.8566666666666665,,9.02,5.94,,6.21,7.24,7.68,6.7,,7.4,6.46,,,7.25,
1994-01-01,7.64,4.52,6.36,7.06,8.21,,4.7155555555555555,3.95,6.31,4.31,4.75,5.59,7.73,7.08,7.04,,6.33,6.048888888888889,,10.32,5.5,,4.74,7.15,5.51,6.56,,7.48,6.99,,,6.4,
1994-02-01,8.05,7.75,7.41,6.94,9.81,,6.64,5.48,6.56,6.6,7.09,11.51,9.42,8.81,9.0,,9.92,9.01,,6.02,7.99,,7.05,11.36,8.92,10.87,,8.22,8.92,,,9.69,
1994-03-01,13.3,7.46,11.02,13.64,11.05,,7.25,5.42,12.69,8.42,7.85,14.52,11.52,11.81,11.14,,10.94,9.74,,6.483518518518518,9.15,,11.11,10.43,9.29,10.96,,10.23,10.61,,,10.96,
1994-04-01,12.0,4.26,5.79,4.81,7.94,,4.21,6.72,7.45,5.29,3.67,9.74,7.25,7.9,8.54,,6.86,7.68,,7.47,6.1,,7.49,9.8,6.556666666666666,7.66,,6.56,5.14,,,8.16,
1994-05-01,3.01,3.9,3.28,3.35,1.92,,2.99,3.86,3.65,3.59,3.66,3.34,3.56,3.04,2.97,,5.79,2.51,,5.53,3.63,,3.38,2.89,5.0,2.63,,2.53,2.53,,,3.75,
1994-06-01,6.73,4.63,7.26,4.78,7.55,,10.91,9.16,8.46,5.82,3.9500000000000006,7.25,4.36,5.97,6.56,,5.13,6.91,,13.39,6.08,,5.56,8.59,4.995,6.82,,5.22,4.98,,,8.09,
1994-07-01,11.5,4.95,11.93,12.81,9.78,,4.78,4.06,5.22,4.74,3.8200000000000003,5.8,6.21,5.94,6.4,,5.98,5.18,,9.2,6.73,,5.22,7.06,4.4125,7.52,,5.79,5.3,,,6.61,
1994-08-01,4.42,4.63,5.05,4.9,4.55,,4.5,4.51,5.14,4.84,5.46,3.8,4.45,4.19,3.95,,2.69,5.18,,10.53,4.2,,3.9,4.3,5.03125,6.04,,4.29,6.15,,,4.79,
1994-09-01,2.25,1.3,2.94,2.39,3.16,,1.89,2.76,3.14,1.9,0.72,2.22,2.23,1.2,1.81,,5.87,1.49,,4.69,2.87,,1.74,2.22,4.805625,2.43,,2.12,2.22,,,2.74,
1994-10-01,5.25,2.68,5.05,4.3,3.78,,2.5,2.37,2.55,2.88,3.15,1.58,2.38,2.38,2.32,,5.15,2.31,,4.29,2.14,,2.53,2.46,3.4952083333333337,3.26,,3.12,2.34,,,2.61,
1994-11-01,3.94,2.37,3.74,3.21,3.82,,1.77,1.45,2.71,1.73,1.9,0.84,3.23,2.93,3.14,,3.89,2.37,,4.67,2.12,,2.27,3.02,3.055069444444445,2.79,,2.19,2.47,,,3.0,
1994-12-01,2.05,1.38,3.87,3.33,3.62,,1.5,1.29,1.58,1.61,1.37,3.15,2.36,2.02,2.45,,3.35,2.09,,3.78,2.34,,1.94,2.95,2.52,2.82,,2.53,2.55,,,2.67,
1995-01-01,6.07,4.63,5.27,6.35,7.13,,5.16,6.08,5.49,4.88,3.84,7.3,5.38,4.9,6.29,,5.24,5.6,,6.196666666666666,6.34,,3.89,7.02,6.74,5.97,,9.33,5.43,,,6.77,
1995-02-01,5.12,3.64,6.52,5.983333333333333,3.1,,5.01,4.13,5.73,4.51,3.62,7.3933333333333335,4.67,4.54,4.3,,6.366666666666667,4.28,,5.568888888888888,4.1,,4.7,3.97,3.1,3.26,,4.25,2.46,,,6.62,
1995-03-01,4.15,3.24,3.64,4.66,4.57,,2.83,4.33,4.4,4.88,3.45,3.37,3.64,3.54,3.9,,3.94,3.16,6.04,4.49,4.44,,3.28,3.32,4.29,4.59,,4.04,4.1,,,3.4,
1995-04-01,1.9,1.52,2.22,2.41,2.29,,1.58,1.64,1.83,2.33,0.88,6.363333333333333,2.05,1.74,2.59,,4.21,2.23,6.04,3.95,3.44,,1.81,3.29,3.2,2.29,,2.86,1.38,,,2.99,
1995-05-01,6.97,6.19,3.77,5.48,6.1,,4.0,7.17,5.89,4.4,7.36,5.98,5.98,7.05,6.89,,5.27,7.01,6.04,7.18,7.31,,3.59,9.38,6.58,6.63,,6.53,4.8,,,6.9,
1995-06-01,2.7,4.18,3.42,3.05,3.79,,7.43,8.83,6.43,4.74,2.96,4.15,3.56,3.9,3.69,,3.68,4.65,5.4,7.5,2.89,,4.43,5.35,5.95,4.59,,2.59,3.14,,,4.65,
1995-07-01,3.5,0.67,4.23,4.29,3.75,,1.64,3.19,4.0,1.28,1.58,2.14,1.44,0.33,0.92,,5.47,1.51,0.43,3.89,1.81,,0.79,3.48,1.96,5.41,,2.67,5.3,,,1.59,
1995-08-01,4.23,2.4,4.88,5.5,3.94,,2.33,3.83,4.66,4.27,1.22,3.99,1.31,2.08,2.01,,6.75,3.46,1.84,14.21,3.75,,5.39,3.12,3.93,5.87,,5.09,3.86,,,3.68,
1995-09-01,4.21,3.82,5.52,5.75,3.32,,2.76,3.22,4.79,4.34,3.99,2.2,2.05,2.46,2.29,,5.2,2.37,2.05,4.32,3.18,,3.52,3.68,3.96,3.48,,4.79,2.29,,,3.04,
1995-10-01,6.15,2.34,7.13,6.78,6.62,,2.79,3.75,4.37,3.0,2.82,5.73,3.8,3.58,4.92,3.13,5.175000000000001,3.2,3.01,8.52,4.25,,2.99,4.24,6.62,6.81,,7.07,2.93,,,3.58,
1995-11-01,7.89,5.34,5.81,6.74,7.43,,5.19,5.1,6.43,3.91,5.64,5.97,5.96,6.21,5.67,3.13,3.021666666666667,6.12,5.77,8.89,4.98,,4.55,6.35,5.18,5.8,,6.16,5.82,,,5.8,
1995-12-01,2.73,2.24,3.83,3.48,3.3,,3.02,2.4,2.47,2.47,2.02,2.96,2.38,2.5,2.13,3.13,2.123888888888889,2.43,2.58,2.97,1.81,,3.11,2.21,3.71,3.47,,2.38,1.64,,,2.82,
1996-01-01,10.08,6.52,7.99,9.11,7.36,,3.516666666666667,6.11,7.19,5.54,5.24,7.72,8.29,7.53,8.62,10.73,0.0,7.79,7.17,5.545555555555556,5.99,,6.27,4.203333333333333,6.7,6.05,,7.07,3.6199999999999997,,,8.06,
1996-02-01,3.24,2.51,2.63,2.05,3.51,,2.37,3.6,4.08,2.29,4.0,7.556666666666667,3.74,2.74,3.08,3.86,5.242222222222222,3.56,2.85,6.194814814814815,3.67,,3.28,3.38,2.96,2.6,,3.1,3.2900000000000005,,,3.32,
1996-03-01,5.85,4.1,8.9,6.26,6.64,,3.88,2.71,5.52,3.65,3.87,5.463333333333333,4.7,4.72,5.05,10.67,9.36,4.15,3.82,7.47,6.55,,3.38,5.18,6.09,7.11,,5.66,3.79,,,6.15,
1996-04-01,5.56,3.54,3.87,3.62,3.65,,3.3,3.2,5.16,4.1,3.92,5.888888888888888,4.51,4.5,4.47,4.88,5.12,4.49,3.9,6.92,4.04,,3.79,4.91,5.44,3.05,,4.85,4.47,,,4.06,
1996-05-01,4.09,6.76,1.98,3.49,5.36,,8.02,5.88,7.04,4.81,6.82,5.902962962962963,5.8,4.57,8.09,2.7,4.69,5.28,4.7,7.8,7.35,,3.4,5.6,5.41,7.46,,4.23,5.39,,,5.29,
1996-06-01,5.02,3.36,3.52,6.04,3.84,,2.74,1.64,3.88,2.5,2.86,5.84,2.67,2.96,1.75,3.44,4.77,3.13,2.89,8.08,6.12,,3.57,6.23,3.61,4.9,,5.17,4.43,,,4.3,
1996-07-01,6.57,5.74,5.55,5.82,5.7,,8.73,6.75,8.56,5.77,4.56,4.98,5.64,4.77,4.48,3.6,5.89,6.43,4.97,8.92,5.01,,6.85,6.74,4.6,4.25,,6.04,5.58,,,5.43,
1996-08-01,3.04,3.64,3.63,4.17,4.61,,4.8566666666666665,6.87,3.61,6.87,5.17,6.5,3.86,1.33,4.67,5.68,7.18,1.98,3.25,11.94,2.32,,4.9,7.26,4.93,5.3,,6.92,2.67,,,3.92,
1996-09-01,7.94,3.79,7.19,5.11,10.6,,3.51,2.79,4.58,3.2,3.16,4.52,3.62,3.45,3.5,3.425,6.72,4.97,4.57,8.95,2.86,,3.33,4.68,4.43,9.38,,5.57,2.98,,,4.31,
1996-10-01,1.62,0.97,1.37,1.57,1.63,,1.64,1.31,2.85,1.16,0.83,1.73,1.22,1.06,1.51,1.17,1.93,1.48,0.95,3.07,2.36,,0.88,1.83,1.98,1.33,,1.6,1.18,,,2.74,
1996-11-01,7.11,4.82,5.47,7.39,9.6,,6.06,3.89,5.28,4.29,3.74,7.16,6.71,7.71,7.0,5.42,6.35,5.55,5.84,9.72,6.93,,4.71,6.05,5.99,7.62,,7.69,8.97,,,6.56,
1996-12-01,6.72,3.9,3.45,4.66,6.523333333333333,,2.71,3.31,4.81,4.65,5.39,6.69,5.84,5.44,6.94,5.11,5.8,5.59,5.55,9.27,4.92,,4.48,6.68,7.45,5.72,,6.23,4.86,,,6.05,
1997-01-01,7.25,3.91,6.14,6.15,6.67,,3.34,3.19,4.83,4.15,3.83,6.44,5.17,5.2,5.7,8.02,5.64,4.49,4.68,6.12,5.12,,4.42,5.38,5.2,5.55,,5.9,4.32,,,5.6,
1997-02-01,4.67,4.25,5.28,6.36,5.09,,4.47,2.89,4.02,3.47,3.77,4.89,4.23,5.17,4.54,5.76,5.24,4.78,4.97,6.44,4.09,,4.27,4.62,3.7,4.62,,4.43,4.9,,,3.94,
1997-03-01,7.81,5.92,5.11,6.343333333333334,5.865,,6.18,6.05,9.9,6.09,6.49,6.52,6.49,6.34,6.09,8.36,7.67,7.44,6.82,17.35,7.63,,6.24,7.93,8.64,7.05,,7.3,7.2,,,8.07,
1997-04-01,6.08,3.78,4.22,6.41,4.7575,,3.02,3.13,5.53,5.29,4.04,3.74,5.09,3.82,4.43,5.05,3.71,5.13,5.66,8.4,2.46,,4.88,4.11,3.78,4.56,,3.55,4.6,,,3.62,
1997-05-01,4.47,4.8,5.82,5.95,5.05875,,3.95,5.41,5.27,3.42,4.41,6.84,6.11,6.76,4.51,4.98,6.63,4.65,5.3,8.75,4.34,,4.31,6.59,5.3,5.8,,7.32,2.86,,,6.58,
1997-06-01,7.4,4.45,5.99,6.3,4.449375,0.87,3.17,3.56,11.46,4.88,4.44,8.91,5.57,5.7,8.91,6.79,9.44,5.61,5.71,11.17,8.74,,4.21,5.07,8.42,9.88,,10.63,4.38,,,5.7,
1997-07-01,2.11,4.25,4.16,0.76,5.0746875,0.87,2.92,3.07,4.41,6.47,5.6,3.61,5.6,3.75,2.12,2.23,4.63,6.64,5.67,4.36,2.78,,4.32,5.92,6.1,1.59,,3.35,4.51,,,5.01,
1997-08-01,0.47,1.53,3.5,0.86,4.8423437499999995,0.87,2.33,3.03,1.18,2.15,2.79,2.8,1.05,2.02,1.66,2.29,3.87,2.31,3.5,2.75,0.98,,1.69,1.85,2.76,2.43,,1.29,1.47,,,2.12,
1997-09-01,9.9,3.02,5.56,6.42,7.721171875,7.01,3.48,3.49,6.17,4.9,3.49,4.5,2.56,3.32,3.55,6.44,7.01,3.48,3.12,8.27,3.16,,3.3,3.61,3.51,6.13,,3.02,3.89,,,3.02,
1997-10-01,5.82,1.7,5.24,5.58,4.675585937499999,5.04,2.49,1.95,4.5,2.02,1.75,3.69,4.78,2.9,3.29,4.84,6.21,1.86,1.91,5.18,1.94,,2.82,2.73,2.07,3.27,,4.06,2.13,2.45,,2.2,
1997-11-01,2.62,1.71,1.97,2.26,7.1377929687499995,5.1899999999999995,2.55,1.35,2.93,1.58,1.52,2.28,2.38,2.78,3.0,2.43,3.85,2.32,2.75,4.58,3.7,,3.65,2.7,4.35,2.78,,2.97,4.5633333333333335,2.45,,3.23,
1997-12-01,3.89,2.17,3.3,3.3,6.830563151041666,5.265,3.393333333333333,3.04,3.28,2.94,2.55,9.09,2.94,2.37,3.4,3.89,3.4,4.1000000000000005,2.66,3.86,3.21,,2.45,3.79,4.54,3.55,,4.63,2.59,2.45,,2.9,
1998-01-01,5.2,5.12,6.64,5.41,6.750281575520833,5.34,4.92,6.26,6.25,2.21,6.01,5.2,4.84,4.62,5.02,9.17,7.75,4.39,4.43,4.99,3.38,,4.03,4.75,5.72,7.22,,5.89,6.62,8.68,,4.29,
1998-02-01,5.3,2.13,5.91,5.43,5.920140787760417,4.43,3.13,3.09,4.29,2.67,2.71,4.38,3.31,2.71,4.11,7.16,6.49,2.59,2.58,5.715,3.56,,2.7,4.73,4.24,5.68,,5.5,2.57,2.79,,3.82,
1998-03-01,6.4,3.85,7.29,6.33,5.8925703938802085,6.12,3.31,3.1,3.89,2.74,3.81,4.93,4.48,4.75,5.73,6.42,7.67,3.15,4.0,9.385,4.36,,2.47,4.82,4.73,4.22,,4.79,3.38,6.2,,4.37,
1998-04-01,8.39,7.03,6.95,9.51,5.325035196940105,12.47,8.51,7.06,9.66,7.47,9.16,10.16,11.82,11.07,11.31,8.67,7.71,10.49,11.57,7.625,9.43,,7.66,14.76,7.67,10.92,,12.57,11.37,6.7,,15.32,
1998-05-01,3.48,4.94,1.41,3.54,5.191892598470052,3.3,5.09,4.5,3.07,4.6,5.25,3.8,5.24,3.84,3.2,1.8,2.89,4.29,3.43,5.09,5.51,,5.73,4.29,5.3,5.52,,4.59,4.76,1.5,,5.08,
1998-06-01,8.67,7.37,5.82,8.29,4.820633799235026,8.98,6.84,8.96,9.44,7.2,6.29,6.355,8.52,7.96,6.68,6.46,11.88,5.46,4.57,12.05,6.5,,5.59,7.85,9.29,9.16,,8.69,5.69,7.83,,7.37,
1998-07-01,4.17,1.96,4.75,2.68,4.947660649617513,3.31,3.7,6.42,6.25,4.22,3.99,4.9825,5.6,5.69,2.66,4.58,4.09,5.86,4.39,8.69,5.06,,3.33,2.25,5.4,3.04,,4.96,4.25,3.0,,5.28,
1998-08-01,2.23,2.14,2.86,3.82,4.895002199808756,1.59,2.37,2.95,1.1,2.93,1.71,3.89125,2.31,2.07,1.95,1.62,4.62,4.66,2.52,3.1,4.27,,1.8,3.02,4.91,1.16,,2.51,4.05,1.1,,4.41,
1998-09-01,1.62,0.9,1.47,2.81,6.308087037404378,2.16,1.55,1.64,3.29,1.08,0.73,3.6904166666666662,1.03,1.31,1.52,1.74,1.82,1.1,0.78,4.77,0.52,,1.01,0.14,0.4,1.24,,1.65,0.61,3.0,,0.36,
1998-10-01,4.08,1.68,0.67,1.22,6.014557658301459,0.93,1.09,1.64,1.13,0.85,1.34,3.3534722222222224,1.6,1.42,0.86,1.1,1.17,1.45,1.93,2.17,1.57,,1.18,1.28,1.77,2.6,,0.96,1.17,4.483333333333333,,1.83,
1998-11-01,3.5,1.44,3.16,3.28,6.737450209017152,1.71,1.42,1.46,3.75,1.53,1.74,2.68,2.19,2.51,1.97,5.42,3.29,1.78,1.27,5.17,1.89,,1.65,2.3,1.74,1.94,,2.7,1.9,4.977777777777778,,1.76,
1998-12-01,6.89,5.36,6.31,6.77,7.06,6.48,7.07,5.2,6.63,5.49,5.89,7.03,7.74,5.95,7.47,7.62,6.84,6.89,6.93,7.78,6.4,,6.9,9.92,8.97,6.0,,8.18,7.59,8.0,,7.43,
1999-01-01,9.11,4.4,9.8,8.91,9.96,8.04,7.41,3.8,5.94,3.82,4.85,8.38,7.03,6.62,6.51,11.34,9.78,5.6,5.65,8.66,7.41,,4.57,7.22,8.03,8.7,,8.47,5.52,4.5,,6.66,3.11
1999-02-01,5.2,2.91,3.75,3.89,4.42,5.24,3.06,2.74,5.22,3.68,3.62,4.56,4.46,3.5,5.1,5.44,4.73,3.94,3.41,7.58,3.85,,3.62,3.51,4.37,3.25,,4.73,2.45,3.5,,4.18,3.11
1999-03-01,4.31,2.64,3.99,4.54,3.97,3.91,1.87,3.13,4.1,2.87,3.92,4.03,4.92,4.85,4.46,4.05,5.83,5.43,5.08,7.845,3.75,,4.83,4.45,3.85,4.09,,3.96,5.0,6.5,,4.11,3.11
1999-04-01,5.23,2.47,4.17,4.71,4.35,3.63,2.35,2.71,3.23,3.52,2.81,4.69,3.52,3.4,4.89,4.05,4.34,2.51,3.05,6.57,3.46,,3.38,4.09,4.38,2.79,,5.61,2.46,0.9,,3.27,3.92
1999-05-01,5.05,2.37,5.03,5.11,5.71,6.83,3.75,3.7,5.82,3.59,2.64,4.68,5.77,4.92,5.24,4.02,5.7,3.1,4.13,8.16,3.99,,4.26,4.61,4.29,5.12,,6.17,3.66,3.7,,3.82,5.56
1999-06-01,5.44,4.3,6.97,6.07,4.79,5.5,6.78,5.2,7.07,7.17,4.28,6.87,5.93,5.58,5.2,4.85,5.49,4.6,6.66,14.96,4.23,,4.92,8.58,7.13,6.16,,9.04,3.53,2.1,,7.45,9.39
1999-07-01,6.76,5.79,2.82,3.65,9.27,9.9,4.65,8.58,6.64,5.05,4.51,5.39,10.18,12.66,7.5,7.59,6.3,4.92,5.78,9.39,3.71,,10.3,4.74,4.53,7.28,,8.01,3.93,1.5,,5.54,7.98
1999-08-01,1.84,2.01,0.45,2.52,0.29,1.74,2.56,2.54,1.1,1.63,1.37,2.68,0.93,0.85,1.88,0.86,0.07,2.12,2.07,1.7,2.71,,1.4,2.38,2.67,1.3,,1.15,1.16,1.3,,2.23,0.8
1999-09-01,1.53,1.09,0.62,1.41,1.11,0.84,2.25,2.54,2.91,1.53,0.85,0.56,0.8,0.82,0.63,2.66,2.03,1.0,0.98,5.52,0.87,,2.6,1.05,0.6,1.68,,1.64,0.97,2.15,,1.11,2.38
1999-10-01,3.53,2.17,3.79,2.96,4.44,3.17,1.84,1.79,2.98,1.73,2.11,2.95,2.07,2.84,2.34,4.87,2.58,1.81,1.82,3.85,1.9,,1.46,2.96,2.47,4.84,,3.74,2.1,3.3166666666666664,,2.21,2.44
1999-11-01,2.83,3.29,4.2,3.77,4.33,3.96,2.88,2.88,3.18,2.66,2.73,4.02,2.92,2.4,3.1,5.06,3.74,2.36,2.4,6.61,3.65,4.6,2.59,3.38,2.62,3.33,,4.23,2.73,4.147222222222222,,2.51,3.29
1999-12-01,1.95,1.38,1.83,1.54,2.15,2.11,1.38,1.23,1.49,1.19,1.1,2.15,1.98,1.7,1.25,2.57,2.9,1.8,1.81,3.35,2.12,4.6,1.19,1.85,5.243333333333333,1.87,,2.07,1.89,6.073611111111111,,2.26,1.97
2000-01-01,5.16,3.62,5.08,5.23,5.16,5.22,3.79,3.13,5.21,3.82,3.12,6.5,5.31,5.14,4.53,5.753333333333334,5.17,4.45,4.88,5.33,4.12,4.6,4.91,4.11,4.14,3.9,,4.53,3.34,5.644537037037037,,5.21,5.25
2000-02-01,3.22,1.86,2.43,3.34,3.59,3.83,2.82,1.99,2.52,3.76,2.21,4.21,3.8,3.42,4.88,3.35,4.16,3.43,2.92,3.98,3.41,7.28,3.39,2.57,4.19,3.6,,4.17,2.61,5.168179012345679,,2.67,2.39
2000-03-01,4.13,3.84,4.52,5.62,5.77,4.51,4.1,3.02,4.55,4.33,3.87,5.27,4.19,4.37,4.6,5.0,5.97,4.96,4.65,6.84,3.6,7.28,3.39,4.26,3.24,4.56,,5.49,3.52,6.36,,3.46,3.47
2000-04-01,8.05,3.55,8.54,7.65,8.89,3.4800000000000004,4.25,3.71,5.71,8.54,3.02,7.33,6.73,6.69,6.81,9.71,10.19,4.89,5.16,10.75,5.89,7.28,5.44,7.69,4.053333333333334,7.47,,7.29,4.26,9.98,,6.43,8.32
2000-05-01,2.07,3.19,1.49,2.67,3.21,2.3,2.97,4.36,7.78,7.35,2.7,4.739999999999999,7.91,5.9,4.2,1.55,3.83,3.24,3.47,8.78,2.57,7.28,4.66,3.18,4.54,2.2,,3.32,4.37,2.06,,4.16,4.4
2000-06-01,2.56,4.56,4.63,4.22,4.06,6.85,5.71,5.19,7.45,4.96,2.31,4.6066666666666665,4.75,3.36,3.36,2.57,9.92,3.8,2.65,9.71,5.99,7.28,7.57,4.6,6.21,4.59,,4.74,2.45,4.6,,3.21,8.78
2000-07-01,2.82,5.42,3.37,1.68,1.48,2.86,5.02,6.82,5.0,5.89,3.62,2.21,3.85,6.12,3.55,4.4,3.11,4.17,4.38,6.91,3.26,7.48,4.57,4.74,2.39,1.31,,3.89,3.94,3.25,,5.25,4.04
2000-08-01,1.65,3.7,4.72,4.8,2.86,4.54,5.65,4.73,2.18,3.8599999999999994,3.41,2.26,1.95,1.4,1.49,3.84,2.78,2.07,1.94,5.48,4.01,7.58,3.61,2.1,2.45,2.68,,3.83,1.64,2.9,,2.35,2.36
2000-09-01,9.16,1.74,3.59,4.17,5.27,4.2,1.38,1.73,3.71,4.06,3.1,3.24,3.88,3.82,3.86,2.62,5.22,2.46,1.77,7.83,1.08,7.68,2.54,2.53,1.74,4.78,,2.87,2.62,5.22,,1.63,5.74
2000-10-01,6.419999999999999,0.02,0.51,0.0,0.09,0.0,0.01,1.61,0.08,0.37,0.03,0.05,0.07,3.67,0.09,0.31,0.1,0.09,0.02,0.21,0.14,0.03,0.07,0.02,0.57,0.43,,0.05,0.07,0.35,,0.16,0.21
2000-11-01,6.57,2.42,7.15,6.92,6.76,5.51,2.61,1.31,3.78,2.99,2.44,4.54,4.59,4.35,4.75,7.89,8.61,2.71,3.19,7.1,2.27,6.65,3.24,3.3,2.53,4.82,,5.21,2.61,9.16,,3.54,4.82
2000-12-01,3.02,1.69,2.09,2.52,3.38,3.15,2.02,1.37,3.2733333333333334,1.87,1.54,4.06,3.01,2.45,2.77,2.24,5.696666666666666,2.9266666666666663,2.65,4.68,4.09,3.23,1.61,4.2,3.9544444444444444,3.07,,3.65,9.69,3.19,,3.18,2.68
2001-01-01,6.19,2.56,5.4,4.89,4.66,5.31,2.2,2.02,4.55,2.45,3.03,4.18,4.99,4.74,4.42,6.19,5.58,4.27,4.5,6.42,3.98,7.07,3.23,3.87,4.09,3.68,,3.67,4.75,6.32,,3.35,5.03
2001-02-01,6.61,4.58,4.72,5.97,6.27,7.42,4.5,4.02,5.3,5.19,4.76,7.72,7.09,6.46,6.75,4.77,6.73,6.17,6.3,6.98,5.58,6.26,5.52,7.45,5.88,6.06,,7.51,4.72,6.2,,6.79,6.55
2001-03-01,3.74,3.69,5.38,5.27,3.29,3.05,4.45,4.16,3.28,2.62,3.64,2.66,2.66,2.63,2.58,4.87,5.36,2.63,2.75,5.67,3.27,7.02,3.9,2.26,3.94,3.08,,3.0,3.07,5.47,,3.31,4.27
2001-04-01,2.7,1.82,3.02,1.42,2.54,3.38,2.43,1.52,3.95,1.75,1.92,1.48,2.24,2.82,2.25,2.53,3.51,2.17,2.3,5.56,2.29,3.78,2.0,1.92,3.996666666666667,3.33,,2.65,2.44,2.79,,2.52,4.27
2001-05-01,3.24,4.05,4.37,4.19,3.8,3.28,5.43,3.78,4.15,2.99,2.62,3.04,4.25,3.46,2.55,4.14,4.5,3.0,2.61,6.86,4.57,7.82,3.58,3.48,4.842222222222222,2.54,,2.67,4.15,5.45,,4.39,4.11
2001-06-01,8.46,4.41,5.71,7.36,3.68,4.57,5.62,3.95,5.98,4.316666666666666,3.07,1.99,2.96,3.88,4.59,3.683333333333333,6.67,2.81,1.85,9.15,5.33,6.8,3.45,3.98,5.680740740740741,3.36,,4.29,4.23,3.85,,2.71,5.53
2001-07-01,4.34,8.73,7.36,2.99,5.71,6.24,10.23,6.7,9.33,5.0,7.9,8.11,8.36,4.14,8.25,4.34,7.49,5.44,5.76,8.86,5.68,7.7,8.31,8.77,5.99,7.28,,7.84,9.25,5.04,,8.82,7.77
2001-08-01,2.73,4.96,2.61,2.7,2.22,2.28,9.3,11.37,4.57,10.98,5.46,2.16,2.84,3.74,3.05,3.79,8.56,2.0,2.96,8.37,4.97,4.59,2.78,1.3,4.07,5.25,,2.28,1.93,2.1,,3.03,6.13
2001-09-01,2.5,2.2,4.51,3.9,3.84,3.64,2.36,2.51,4.07,2.69,2.2,6.45,4.29,3.56,3.22,6.29,6.83,3.55,3.45,7.34,2.78,4.26,2.6,5.57,3.77,2.64,,5.32,3.17,3.52,,3.65,4.56
2001-10-01,1.48,0.84,1.98,0.67,1.25,1.19,0.98,0.66,1.22,0.64,0.79,1.16,1.07,0.86,0.84,1.71,3.59,1.16,1.03,3.43,1.74,1.83,0.93,1.36,3.07,1.34,,2.74,1.29,2.92,,2.05,1.82
2001-11-01,2.26,0.5,4.84,2.36,4.21,2.81,0.34,0.58,1.1,0.57,0.67,2.63,1.45,1.55,1.5,4.94,3.7,1.24,1.26,3.94,2.07,4.36,0.67,0.0,2.88,2.99,,2.85,0.03,5.34,,1.53,2.05
2001-12-01,5.9,3.42,5.08,4.48,5.29,4.03,3.47,3.15,3.31,3.49,3.14,5.31,4.95,4.66,4.63,5.4,6.31,3.0,3.47,6.54,4.18,7.92,3.84,4.1,4.53,4.13,,5.05,2.96,6.43,,3.21,5.01
2002-01-01,8.58,4.32,5.42,7.54,7.81,8.71,4.66,5.57,6.57,5.81,5.19,8.71,7.38,8.06,7.63,3.25,8.4,5.55,6.14,7.49,6.87,5.44,7.08,7.88,7.26,6.93,,10.4,5.68,8.31,,7.48,9.4
2002-02-01,2.01,0.89,1.83,2.03,1.88,2.19,0.9,0.82,1.23,1.18,1.17,2.1,2.18,1.69,2.02,2.28,2.2,1.44,1.31,2.13,1.34,1.75,1.23,2.16,2.31,1.71,2.32,2.0,2.25,2.29,,1.66,1.66
2002-03-01,7.6,5.86,6.64,7.82,9.98,11.2,5.35,4.73,7.14,5.28,6.63,10.48,8.72,10.59,9.26,3.033333333333333,10.47,6.42,7.81,10.58,7.28,10.25,6.66,8.7,10.23,11.35,2.32,10.57,6.65,10.77,,7.08,8.47
2002-04-01,1.37,0.98,1.55,1.19,0.56,2.2,1.13,2.51,1.93,1.99,1.89,2.6,2.02,1.44,2.4,1.95,2.05,2.2,1.49,3.74,2.86,4.67,1.71,2.4,3.06,1.89,2.32,6.61,0.72,1.61,,2.98,2.18
2002-05-01,6.74,2.39,5.16,5.25,5.53,6.01,2.38,3.15,8.3,3.45,2.62,6.17,5.55,4.66,5.95,6.3,8.71,3.75,4.22,8.95,4.04,9.6,4.0,4.79,4.68,5.66,3.32,4.640000000000001,4.36,6.93,,3.31,6.61
2002-06-01,1.0,1.99,2.22,1.21,2.6,3.21,4.05,4.52,1.58,1.9,3.01,1.27,2.15,3.91,1.66,2.69,1.53,2.25,1.83,3.92,3.62,3.32,1.2,2.01,4.64,2.22,2.43,4.465,2.58,1.42,,1.75,3.65
2002-07-01,3.32,4.76,2.09,4.66,4.68,3.58,7.33,2.64,6.43,1.69,5.0,4.61,5.16,5.65,6.11,3.09,5.41,3.55,2.71,6.48,5.59,7.98,3.76,6.47,3.47,4.89,3.96,6.1525,4.3,3.49,,4.35,8.82
2002-08-01,4.03,3.2,3.74,1.25,1.45,2.07,2.6,4.9,3.64,3.03,2.37,2.82,1.45,1.41,1.09,2.93,3.68,0.81,1.44,4.71,4.09,3.97,2.95,3.57,2.39,3.83,2.61,4.21625,2.23,2.2,,1.97,4.25
2002-09-01,6.53,2.79,6.19,4.82,7.4,8.31,3.38,2.63,4.99,3.21,3.86,11.07,6.54,5.17,9.25,9.03,6.32,5.28,4.9,8.72,4.75,11.26,4.83,6.37,5.73,4.84,3.37,4.122083333333333,4.6,7.07,,4.72,3.54
2002-10-01,5.1,3.74,3.35,4.59,4.96,5.49,6.21,4.48,4.25,4.92,4.16,5.58,4.46,5.59,4.96,5.02,4.45,3.96,4.34,6.35,2.88,8.74,4.27,4.26,3.18,5.46,4.57,3.230694444444444,3.55,4.31,,4.12,5.39
2002-11-01,6.02,4.95,5.77,6.97,3.99,4.46,5.38,4.4,5.17,5.07,4.93,5.68,5.46,4.58,3.97,7.84,4.6,4.9,4.78,7.67,3.83,6.05,4.97,5.71,4.1,3.21,4.12,2.83,5.19,5.0,,7.05,6.31
2002-12-01,6.51,4.38,6.74,6.48,5.93,6.95,4.54,3.4,4.27,4.25,4.39,6.4,5.97,5.35,5.45,7.36,7.34,5.04,4.86,7.86,5.3,8.1,4.31,7.13,6.82,6.22,5.09,5.86,5.35,8.54,,5.43,4.97
2003-01-01,1.94,2.47,1.83,1.74,2.14,2.14,2.89,2.49,4.57,1.85,2.61,2.71,3.23,3.17,3.12,2.92,3.54,2.75,2.61,5.29,2.27,5.85,3.35,2.17,1.83,2.39,2.82,2.23,1.3,1.91,,1.79,3.78
2003-02-01,9.95,6.32,8.56,6.92,12.91,12.12,8.26,5.16,5.82,6.27,6.97,11.19,9.86,8.69,12.71,11.76,11.88,8.01,8.1,10.69,8.17,12.14,7.16,12.61,9.37,10.79,5.9,4.26,7.57,13.35,,11.39,8.11
2003-03-01,2.22,2.83,3.56,2.26,2.16,2.1,3.38,3.49,2.49,2.7,2.75,1.68,2.49,2.07,1.49,2.66,2.01,4.56,1.66,4.37,1.8,4.16,2.51,2.56,1.46,1.53,3.52,7.173333333333333,1.77,3.13,12.23,2.05,2.66
2003-04-01,8.83,6.66,5.8,7.0,5.25,6.85,5.31,4.14,6.23,4.53,7.1,8.91,6.73,5.95,4.543333333333333,6.57,4.55,4.74,6.28,8.78,8.35,8.39,6.11,9.42,9.58,4.96,5.31,6.69,5.88,6.37,12.23,8.74,7.01
2003-05-01,16.11,5.32,11.19,13.53,16.8,10.76,4.96,5.82,10.72,5.81,6.2,10.73,7.3,8.09,9.74,11.09,12.16,5.57,5.17,14.45,6.81,10.82,6.5,7.15,6.28,12.21,5.06,10.77,5.67,19.52,12.23,6.1,11.54
2003-06-01,5.44,6.4,5.64,4.01,4.72,6.16,5.61,5.06,3.44,2.77,4.15,5.9,2.65,2.45,3.79,6.65,5.98,2.97,3.36,7.81,6.58,5.3,3.22,7.32,8.7,5.61,4.42,9.34,6.22,3.77,7.6,6.08,4.06
2003-07-01,8.41,7.52,8.61,10.99,8.02,7.3,7.43,7.05,5.44,4.83,6.72,5.58,9.25,8.27,7.83,10.18,14.2,7.31,8.22,9.9,6.81,10.53,6.89,6.77,4.19,7.26,5.06,5.98,6.86,9.43,6.42,5.88,10.15
2003-08-01,3.55,11.34,3.43,2.88,3.23,5.9,10.43,6.3,5.78,8.83,4.59,8.48,3.59,5.48,3.46,6.25,3.8,2.82,1.79,8.57,7.57,4.08,5.08,2.92,4.72,3.09,7.22,2.93,2.82,7.16,3.57,3.51,5.29
2003-09-01,5.27,5.29,6.01,4.88,6.41,5.39,3.99,3.14,5.13,3.21,4.96,8.67,5.2,5.14,4.586666666666667,7.99,5.52,4.08,3.34,6.04,6.74,6.45,3.28,7.07,8.89,4.73,3.4,7.62,5.21,8.19,8.75,3.89,6.33
2003-10-01,0.98,1.55,1.2,1.16,0.45,1.23,1.38,1.08,0.93,1.1,1.39,0.66,1.58,1.24,1.05,0.96,0.99,1.34,1.39,2.34,2.35,2.53,0.74,1.66,5.613333333333333,1.01,1.68,1.12,1.51,1.13,0.83,1.92,1.11
2003-11-01,6.38,6.74,5.36,5.83,5.21,5.49,8.04,6.23,7.12,5.9,6.11,6.15,6.3,4.71,2.6533333333333338,4.07,7.28,6.34,5.24,11.7,6.46,14.33,5.96,6.0,4.77,5.61,6.97,4.3,4.39,5.75,7.35,6.59,7.02
2003-12-01,4.66,3.2,4.38,4.73,4.65,4.23,3.84,2.93,3.59,3.07,2.99,4.75,3.85,3.4,3.681111111111111,3.53,5.64,3.15,3.24,5.68,3.48,4.51,2.99,5.81,3.62,3.67,4.29,3.65,3.28,6.65,5.24,4.09,4.58
2004-01-01,3.75,2.88,3.6,4.48,3.15,3.63,3.02,1.88,2.97,2.45,3.03,3.56,3.05,2.74,2.94,4.21,3.5,3.15,2.71,4.42,3.65,2.05,2.55,4.3,1.82,2.5,1.88,3.6,3.46,3.6,3.11,3.91,2.55
2004-02-01,4.69,3.37,4.88,6.2,5.21,6.23,3.4,3.09,3.86,3.37,3.64,5.84,4.3,5.346666666666667,4.97,4.07,7.35,3.29,3.54,4.51,3.73,3.22,3.32,4.87,4.28,5.3,4.11,4.99,3.74,6.15,5.44,5.33,4.48
2004-03-01,4.55,4.48,4.36,4.88,5.68,5.23,3.893333333333333,3.08,4.71,4.54,3.75,5.97,5.55,4.61,4.36,3.36,6.98,4.91,4.27,5.68,4.8,7.31,5.29,7.11,3.34,6.56,4.163333333333334,4.61,4.57,6.39,7.6,5.51,4.74
2004-04-01,2.86,4.64,1.93,2.24,2.52,2.87,4.7011111111111115,3.75,3.79,4.06,4.64,2.98,2.69,2.73,3.6577777777777776,1.68,4.19,3.05,2.57,5.88,3.42,5.94,4.23,3.29,4.28,2.45,4.86,4.42,3.61,1.9,3.13,3.17,3.83
2004-05-01,1.97,3.91,3.92,3.37,1.7,2.75,4.9,5.28,7.75,6.04,4.3,4.68,5.36,5.35,2.07,2.95,4.36,6.53,3.83,10.53,6.29,6.88,4.92,4.65,4.5200000000000005,3.51,4.91,1.55,3.94,4.92,2.93,5.28,3.47
2004-06-01,8.46,5.1,4.16,8.38,5.36,6.56,5.09,6.73,8.88,4.31,5.11,5.72,6.56,7.9,6.49,4.05,9.79,6.95,7.29,15.09,5.62,9.09,4.23,6.63,3.0,5.38,6.96,5.07,6.39,5.12,7.25,6.18,6.86
2004-07-01,5.52,5.01,7.47,4.73,3.52,3.03,5.56,5.06,7.1,7.96,4.1,4.25,7.66,7.62,4.83,5.78,7.64,4.41,5.55,10.66,5.03,7.02,5.41,3.7,5.95,4.39,4.52,4.32,3.65,5.17,7.28,3.42,7.41
2004-08-01,5.48,2.64,2.74,4.17,4.0,4.16,1.73,5.69,4.94,2.25,2.81,3.34,4.75,2.18,5.3933333333333335,3.11,3.95,3.44,1.62,7.29,5.06,4.27,3.21,3.24,5.55,4.39,1.78,5.566666666666666,1.34,4.09,3.8,4.06,3.8
2004-09-01,7.52,6.01,8.28,9.72,9.75,8.31,4.06,6.26,7.3,5.38,3.76,5.97,4.526666666666666,4.75,7.89,10.39,6.17,4.63,4.69,17.8,5.54,15.87,6.02,6.85,7.52,7.88,11.71,9.45,4.51,14.15,11.74,6.25,7.27
2004-10-01,2.89,3.35,4.62,4.33,3.84,2.98,3.5,2.19,3.33,2.19,2.53,3.67,3.63,3.1,2.85,6.153333333333333,6.28,3.23,2.94,4.44,3.3,4.71,1.52,4.19,3.78,3.37,3.66,4.23,2.93,3.76,3.32,3.2,2.45
2004-11-01,8.0,3.7,7.61,8.68,7.05,8.09,4.22,3.14,5.69,3.15,4.94,9.91,5.15,6.01,6.61,7.11,7.84,4.36,4.79,8.47,5.16,11.14,4.59,7.35,5.74,7.27,3.16,7.96,4.78,6.62,7.89,6.21,7.22
2004-12-01,7.77,3.03,6.6,7.18,7.67,7.26,2.69,2.84,5.24,3.74,3.67,7.24,7.44,5.56,8.22,7.35,12.38,4.0,5.8,5.86,6.43,10.17,4.2,7.79,7.25,7.2,3.58,8.0,5.3,12.75,7.39,6.51,8.5
2005-01-01,3.4,2.91,2.8,3.54,3.33,3.59,2.88,2.51,2.44,1.28,2.67,5.576666666666667,2.77,2.33,3.36,0.91,3.08,2.95,3.04,3.43,4.29,4.49,1.94,5.176666666666667,6.13,3.44,3.12,4.12,3.65,2.91,3.82,4.04,3.78
2005-02-01,4.44,2.77,5.46,4.26,4.43,4.76,2.76,2.72,4.72,2.65,2.35,5.93,3.95,3.77,4.04,6.74,5.54,3.25,3.75,6.15,3.26,5.68,3.53,3.44,3.48,4.83,3.11,5.63,3.27,5.77,5.02,3.98,4.78
2005-03-01,3.17,2.85,4.27,4.396666666666667,2.66,2.57,2.94,3.52,5.07,3.3,2.44,5.419999999999999,3.64,3.47,3.58,4.083333333333333,3.47,3.18,3.24,6.376666666666666,4.3,6.4,2.97,3.72,3.59,2.12,4.76,2.97,3.2,3.75,2.74,3.6,5.06
2005-04-01,5.04,5.44,3.56,4.05,6.36,5.68,6.06,4.99,5.57,5.82,3.0500000000000003,4.36,5.48,4.76,5.07,2.6377777777777776,5.6,5.84,5.24,7.3,6.56,5.1,4.48,7.27,6.6,4.62,5.11,5.7,6.34,6.27,5.77,6.44,6.37
2005-05-01,3.29,2.26,1.99,2.71,3.15,3.46,3.95,2.49,4.03,3.6,2.07,2.82,3.8,3.18,4.46,2.15,3.19,2.27,2.72,4.01,2.84,3.16,4.16,2.6,3.04,1.46,3.43,2.73,2.79,1.63,3.32,2.21,3.79
2005-06-01,4.29,4.93,7.05,4.89,2.77,4.86,4.739999999999999,2.54,5.42,2.0,1.97,3.19,5.18,3.09,3.08,5.6,7.37,2.35,3.67,6.84,4.62,8.1,4.64,3.11,2.26,3.4,1.91,3.91,3.81,6.78,3.77,2.15,4.91
2005-07-01,7.57,5.8,6.05,9.54,11.68,8.43,5.18,5.23,7.32,6.22,10.28,8.43,4.26,4.98,8.96,5.153333333333333,5.1,5.09,6.58,8.88,8.85,9.89,5.88,7.74,5.28,7.46,6.23,8.25,3.63,8.96,8.71,6.52,6.76
2005-08-01,2.48,3.21,5.0,2.51,5.1,4.59,3.02,4.21,5.74,6.57,4.77,4.52,2.24,3.77,3.12,4.08,9.14,1.98,1.79,9.22,2.63,9.42,3.88,3.62,2.83,3.42,2.9066666666666663,5.12,2.15,8.12,4.62,2.22,5.57
2005-09-01,2.69,0.76,1.92,2.01,2.44,2.67,0.68,1.06,1.65,0.76,0.9,2.18,1.67,1.74,1.09,2.28,4.01,1.31,1.58,2.81,1.45,2.82,1.01,1.72,1.16,3.96,0.71,2.95,0.75,4.17,3.49,1.33,2.31
2005-10-01,1.13,1.45,0.75,1.82,0.16,0.81,1.52,1.38,1.8,1.42,1.34,1.57,0.83,1.08,2.356666666666667,4.216666666666667,0.54,1.03,1.04,4.146666666666667,1.45,1.23,1.45,1.23,2.9,0.79,2.185,0.78,1.29,0.8,0.91,0.69,1.94
2005-11-01,6.08,2.46,3.57,5.94,3.85,5.14,4.0,4.38,3.96,2.61,2.61,4.41,3.35,3.43,4.032222222222223,5.663333333333334,6.75,2.76,2.89,5.19,3.61,5.91,3.19,3.9633333333333334,3.76,5.5,2.6725000000000003,4.93,2.3,5.49,4.72,3.68,4.52
2005-12-01,3.61,2.71,3.85,3.82,2.6,3.36,2.12,2.76,3.76,2.52,3.41,2.86,3.05,2.83,3.13,7.487777777777777,4.38,2.87,3.21,5.525,2.68,4.91,2.5,3.31,3.55,2.29,3.12625,2.98,3.6,3.9,5.9366666666666665,3.88,4.59
2006-01-01,5.01,3.9,5.19,4.21,4.93,5.09,3.79,3.73,6.44,4.52,4.15,4.33,4.74,4.0,4.12,5.949259259259258,6.56,4.58,4.0,4.2250000000000005,5.51,4.33,4.8,5.95,6.43,4.67,3.123125,6.87,3.89,6.33,5.7,5.12,6.91
2006-02-01,2.94,1.98,2.05,2.88,1.97,2.55,3.13,2.49,3.39,1.66,3.75,3.09,2.76,2.55,4.08,9.45,2.99,2.12,2.21,4.698333333333333,3.79,3.56,2.03,3.983333333333334,4.510000000000001,2.57,3.1165624999999997,2.65,1.81,4.983333333333333,2.62,2.17,2.92
2006-03-01,2.09,2.86,1.94,2.52,1.79,2.43,3.38,2.86,2.45,4.336666666666667,4.336666666666667,3.08,3.66,3.22,3.09,1.9,2.39,3.52,3.29,3.72,2.29,3.42,3.33,2.56,3.62,2.96,3.9382812499999997,3.5,2.4,2.85,3.04,2.7,2.6
2006-04-01,6.32,5.69,5.93,6.01,7.07,7.4,5.97,7.26,6.73,8.05,6.82,3.356666666666667,8.0,7.57,3.2566666666666664,6.63,6.3,8.24,8.08,9.13,6.3,6.56,6.33,8.58,5.8,6.01,4.524140625,6.81,6.76,7.6,6.96,9.44,6.07
2006-05-01,2.61,2.29,3.48,3.9,3.32,2.16,2.84,6.53,10.96,5.216666666666667,2.15,2.63,1.96,2.13,1.61,3.37,4.18,3.68,3.55,10.04,4.22,6.86,4.47,4.3,3.6,4.34,3.9770703125000004,1.98,3.82,5.39,2.62,3.76,4.36
2006-06-01,2.28,3.95,2.2,2.38,2.02,6.18,6.22,5.84,6.31,4.0,5.04,3.11,2.07,2.38,1.15,3.686666666666666,1.98,5.59,4.05,8.55,3.37,8.47,3.95,2.23,4.08,3.65,2.9435351562500003,1.11,2.73,5.48,3.1,2.29,4.7
2006-07-01,4.55,2.01,4.47,3.7,1.5,3.38,3.59,4.23,5.46,5.35,2.83,4.43,3.3533333333333335,3.94,6.253333333333334,2.09,4.65,3.32,2.76,7.35,4.62,9.58,3.16,6.55,5.28,3.32,4.586767578125,3.17,3.93,2.32,4.866666666666667,2.83,7.2
2006-08-01,6.51,5.25,4.74,5.25,4.64,8.97,3.686666666666666,3.19,7.25,6.603333333333333,5.53,6.56,3.73,6.39,8.65,2.71,4.06,3.3,2.06,9.4,3.28,6.53,5.0,6.72,7.31,5.21,3.7467171223958333,7.42,2.93,4.25,2.79,2.69,4.83
2006-09-01,7.01,4.67,4.1,6.41,4.63,6.88,4.45,5.99,7.09,7.89,7.47,4.306666666666667,9.87,6.17,8.97,3.75,3.8,4.96,5.24,8.32,6.09,4.6,4.94,5.34,5.6,2.63,2.2283585611979166,5.37,5.08,5.95,3.86,7.43,8.68
2006-10-01,5.9,3.13,5.67,4.41,4.92,4.79,3.81,3.1,3.36,3.45,3.2,3.352222222222222,3.64,4.11,4.952222222222223,6.48,5.21,3.39,2.94,5.57888888888889,3.73,5.34,3.37,4.54,4.19,3.83,2.2066792805989586,5.31,3.54,6.2,5.3,4.29,4.6
2006-11-01,3.32,2.75,3.48,3.36,4.04,3.74,2.87,2.89,3.8,2.29,2.87,4.18,3.82,3.24,3.53,4.341111111111112,6.52,3.35,3.77,5.0129629629629635,3.88,6.07,2.25,4.04,3.453333333333333,3.93,2.4395896402994794,4.5,3.61,5.25,4.89,3.32,4.21
2006-12-01,1.59,2.16,3.42,2.49,2.35,1.72,1.43,0.38,1.39,0.93,1.68,2.0,1.83,2.09,1.55,0.88,3.68,1.57,1.51,4.27,1.97,2.24,1.33,2.25,2.41,3.01,2.78291982014974,2.31,1.51,5.05,2.58,1.99,1.18
2007-01-01,4.39,1.6,2.91,2.41,3.44,3.71,2.02,1.9,3.0,1.42,2.37,3.26,3.13,2.12,2.1233333333333335,2.8864197530864195,2.81,2.61,2.5,4.331666666666667,3.37,6.59,1.29,4.03,2.95,2.03,2.95302241007487,3.95,2.14,2.7,2.73,3.9,4.07
2007-02-01,1.45,1.02,1.65,1.08,1.16,1.5,1.53,1.57,1.66,1.31,1.05,1.09,0.92,1.54,0.7,4.722139917695473,1.85,1.42,1.39,4.510000000000001,1.58,2.99,1.74,1.39,1.37,1.46,3.0347924550374348,1.39,1.37,1.83,1.09,1.12,3.5
2007-03-01,2.45,2.27,1.74,1.25,2.07,3.08,1.72,2.15,2.53,2.15,2.59,4.17,2.52,2.62,2.5833333333333335,1.83,1.66,2.78,2.97,4.5,3.19,3.83,2.07,4.46,3.31,2.44,3.486536852518717,4.46,2.47,1.75,3.12,3.87,2.24
2007-04-01,4.3,2.64,4.19,4.01,3.74,3.72,3.2366666666666664,2.36,2.57,2.72,2.95,5.62,5.52,5.05,3.96,2.67,5.48,4.16,4.24,5.636666666666667,5.82,5.61,3.22,5.93,4.46,4.29,4.005338738759359,7.09,3.95,3.9,3.54,6.88,3.63
2007-05-01,0.53,0.76,1.34,1.04,1.41,1.1,2.02,2.17,2.09,1.15,2.07,2.85,1.32,1.48,2.5833333333333335,1.89,1.66,0.68,0.8,3.28,1.31,4.39,0.83,1.39,1.47,2.09,3.9912045256296795,3.85,0.69,0.65,1.08,1.41,3.9
2007-06-01,3.56,2.96,2.16,3.25,3.35,2.75,4.99,7.94,5.42,2.98,3.65,3.79,1.89,1.34,2.18,0.98,2.35,2.25,3.2,5.45,2.36,3.94,2.39,2.72,1.89,5.37,3.46736984093984,4.55,4.99,2.8,6.08,3.75,4.14
2007-07-01,2.74,3.97,7.18,5.0,6.49,3.05,4.91,6.35,5.05,5.61,5.47,2.63,3.63,4.71,4.216666666666667,7.09,3.83,5.21,6.57,8.89,6.7,6.99,4.83,6.04,5.98,6.63,4.02706870953242,4.73,5.93,6.94,2.89,8.11,6.39
2007-08-01,2.42,0.37,1.83,0.64,2.54,0.76,0.94,1.54,1.96,0.59,1.65,0.88,1.15,4.13,4.752222222222223,0.88,2.78,0.23,0.28,4.17,0.99,2.98,0.93,0.22,2.54,1.57,3.886892915964127,1.96,2.02,0.32,1.06,0.52,1.05
2007-09-01,2.56,0.74,1.93,2.1,3.39,2.53,0.98,2.16,1.68,3.2866666666666666,1.38,3.53,4.163333333333333,1.49,5.037407407407408,1.97,2.0,1.28,1.16,3.72,1.41,2.94,0.87,3.05,1.14,2.63,3.057625738581022,3.45,2.17,1.98,3.31,2.48,1.94
2007-10-01,2.97,1.58,3.63,2.31,4.2,2.39,2.25,1.67,1.7,1.38,2.78,3.8574074074074076,1.47,1.23,1.39,4.16,2.86,2.65,1.79,4.64,2.08,4.64,1.28,2.87,3.69,3.92,2.6321525095899903,4.02,2.14,7.46,4.305,1.91,1.51
2007-11-01,3.54,1.41,6.56,5.31,3.93,5.47,2.13,1.33,2.65,1.61,1.74,4.69,4.19,3.98,4.37,4.57,4.45,2.22,2.07,5.04,3.73,5.71,2.11,4.09,3.214444444444444,4.97,2.535871074944735,3.9666666666666663,1.95,4.15,4.315,3.28,3.16
2007-12-01,3.94,3.07,3.5,4.34,2.57,3.03,3.22,2.31,3.61,2.65,3.12,3.58,4.12,4.2,3.61,2.72,2.5,3.29,3.11,4.654999999999999,2.85,7.64,3.45,3.14,2.708148148148148,2.03,2.6593954475472374,3.38,3.53,2.98,3.5483333333333333,2.82,5.13
2008-01-01,3.46,3.45,3.18,4.14,3.69,4.08,1.44,1.82,2.65,2.01,3.74,4.59,3.34,3.13,3.85,2.71,2.44,3.11,2.82,4.493333333333333,3.42,6.48,2.52,4.66,2.5,2.35,2.8062089288110537,3.33,4.04,4.25,3.75,4.03,4.4
2008-02-01,5.28,3.63,4.44,4.5,3.86,4.27,3.45,3.74,4.92,2.2433333333333336,3.37,5.23,4.83,4.81,5.22,4.02,4.31,4.0,4.08,5.027777777777778,3.8,8.0,4.62,4.79,3.35,4.81,2.920500691924244,5.15,3.05,4.63,3.92,3.82,4.75
2008-03-01,5.44,3.84,6.54,5.26,5.57,5.41,3.48,3.73,4.92,3.41,4.78,6.02,4.97,4.33,5.18,6.12,7.44,4.74,4.23,5.202592592592593,3.79,8.04,3.48,5.89,3.33,5.34,3.2035187722214804,5.88,4.37,7.54,5.52,4.87,5.27
2008-04-01,3.16,2.84,3.22,3.52,2.76,3.1,3.12,3.92,3.95,3.29,4.01,4.71,4.45,3.74,4.57,3.856666666666666,4.9,4.28,4.1,6.08,5.01,5.75,3.23,4.71,3.643333333333333,5.08,3.6044287554904195,4.41,4.49,1.8,3.686666666666666,4.75,4.01
2008-05-01,3.86,1.5,2.28,2.95,3.67,3.4,4.48,2.51,3.61,4.27,1.8,3.42,3.7,3.39,3.576666666666667,2.78,4.36,3.35,2.96,5.91,2.5,3.85,3.35,2.533333333333333,2.7511111111111113,3.54,3.7978166405600495,3.58,2.69,3.82,2.255555555555555,2.75,4.97
2008-06-01,2.14,2.26,2.87,2.81,3.14,3.01,5.476666666666667,3.2,2.38,2.39,3.67,2.53,1.08,2.19,2.7955555555555556,1.88,4.6,0.91,0.62,3.89,2.39,2.78,1.76,1.5,3.14,2.48,3.632593240749945,2.48,2.21,2.43,2.0,4.19,3.11
2008-07-01,7.09,4.69,4.4,5.7,3.96,5.32,6.96,2.99,8.67,3.98,5.56,4.63,6.83,7.04,3.2140740740740745,3.15,4.5633333333333335,2.99,2.97,11.87,5.99,8.43,2.57,6.17,8.19,4.7,3.8298309751411823,5.15,3.67,3.13,1.6300000000000001,4.39,7.95
2008-08-01,4.81,2.99,4.42,4.19,6.57,4.49,3.9,4.92,2.79,3.87,3.75,5.97,3.13,1.91,2.63,1.5033333333333332,5.26,2.79,2.69,6.02,2.49,6.05,4.24,2.42,3.52,3.99,3.8583619455526543,5.85,2.88,14.02,0.0,2.57,4.17
2008-09-01,0.91,2.52,0.89,0.57,1.09,0.49,1.98,2.62,2.06,2.19,2.565,0.94,2.65,3.16,0.55,0.48,0.72,3.06,2.36,3.0,0.41,2.33,1.54,2.32,0.18,2.38,3.457993842066838,1.23,2.48,0.2,0.34,0.56,2.42
2008-10-01,2.2100000000000004,1.01,2.69,1.0,2.8266666666666667,2.04,1.05,1.06,1.44,1.84,2.6725,1.81,1.98,1.66,2.0,2.1566666666666667,4.05,1.07,1.11,5.14,1.72,3.73,1.35,1.92,2.7466666666666666,1.8,3.0450731758284144,1.82,0.78,3.55,2.3225,1.83,2.14
2008-11-01,2.75,2.09,2.65,2.78,3.19,3.25,2.17,1.73,2.69,2.83,2.20625,3.19,3.58,3.41,2.62,1.83,4.69,2.85,3.16,5.09,3.89,3.85,1.92,3.86,4.37,4.28,2.7904721253865747,3.61,2.48,3.95,3.929166666666667,4.03,2.88
2008-12-01,9.69,4.41,9.75,9.55,3.1199999999999997,9.07,3.97,4.52,7.81,5.04,2.4154166666666668,9.79,10.42,8.98,3.983333333333333,9.71,11.23,7.07,6.14,4.8725,7.45,9.09,6.09,8.62,7.25,8.56,2.724933786466906,9.45,6.93,10.48,4.209166666666667,6.7,9.41
2009-01-01,6.07,5.67,5.11,5.46,3.6,4.48,5.46,4.31,5.91,3.1,2.691805555555556,5.68,7.19,6.6,5.72,4.47,4.46,6.66,6.38,4.738611111111111,5.93,5.67,5.33,5.88,5.83,3.72,2.7655713576389798,4.34,6.46,5.47,5.15,5.55,6.14
2009-02-01,2.23,2.24,2.87,2.43,2.46,2.74,2.49,1.96,2.17,2.25,1.92,3.01,3.09,2.73,2.43,4.579999999999999,3.66,2.82,2.65,4.8721296296296295,2.88,2.77,3.19,2.81,1.96,1.87,2.843036024781612,2.72,2.72,2.84,4.535,2.83,2.25
2009-03-01,5.55,2.21,5.28,3.8866666666666667,6.966666666666666,4.93,2.63,2.04,3.3200000000000003,2.26,2.87,4.75,4.52,3.5,5.34,5.25,5.84,3.84,3.16,4.85,4.55,6.31,2.57,5.15,4.8,4.15,3.023277398501546,6.18,3.45,6.0,6.251666666666666,4.92,3.9299999999999997
2009-04-01,3.55,2.72,3.27,3.97,7.532222222222221,3.3,3.396666666666667,2.72,2.87,2.75,3.09,4.16,3.12,2.9,6.1066666666666665,4.1,6.05,3.45,3.43,7.78,3.93,7.54,3.15,4.0,4.221666666666667,4.87,3.313853076995983,4.71,2.83,5.83,6.212777777777777,4.05,4.27
2009-05-01,11.68,4.58,7.44,9.84,12.87,8.85,4.44,7.18,7.24,0.0,2.4266666666666663,9.0,7.55,8.1,8.41,7.07,10.14,4.81,5.83,13.83,8.21,11.32,5.95,8.18,3.486388888888889,11.43,3.555834858778016,10.1,6.57,10.39,8.7,6.15,6.76
2009-06-01,2.27,3.57,0.73,3.46,1.29,2.88,7.15,5.26,7.56,6.91,2.39,4.33,6.05,4.85,4.98,0.25,2.14,4.33,5.94,10.76,8.2,5.63,5.16,6.14,3.695462962962963,2.27,3.5942140497639805,2.74,4.05,1.7,1.88,5.88,5.1
2009-07-01,5.31,8.51,4.32,6.26,4.37,5.92,6.48,4.77,4.46,4.14,4.44,8.12,9.42,6.97,8.03,1.9,7.44,6.91,6.28,8.96,8.86,5.61,8.6,4.67,5.448487654320988,5.74,3.7120225124525814,7.44,9.58,4.85,5.02,5.4,5.43
2009-08-01,5.94,1.52,2.98,4.86,3.39,2.78,6.1,7.63,6.93,3.64,4.5200000000000005,4.99,4.12,6.22,5.13,4.05,4.25,6.37,5.45,8.76,3.39,4.43,4.18,5.99,4.46,1.62,3.785192229002618,3.67,3.4,2.9,2.45,4.71,6.81
2009-09-01,9.63,4.98,12.38,8.63,8.68,6.46,7.87,6.74,8.0,3.92,5.37,8.55,6.94,4.64,2.84,13.2,10.02,6.4,6.63,11.35,10.45,9.06,4.58,6.39,6.55,6.5,3.621593035534728,7.36,5.12,11.39,10.48,5.11,5.95
2009-10-01,5.16,4.02,7.03,6.31,5.02,4.92,4.35,4.11,5.7,0.0,5.860833333333333,6.11,4.66,4.28,2.56,6.11,7.2,4.1,4.72,9.34,5.16,6.39,4.41,5.55,7.11,4.94,3.333333105681571,6.79,4.35,6.3,4.9875,5.01,6.35
2009-11-01,3.76,3.0,3.74,3.97,2.72,2.98,3.77,3.63,5.85,4.34,5.869027777777777,2.64,3.69,3.58,2.84,5.53,2.84,3.54,3.15,8.69,1.99,6.0,4.65,2.83,6.4433333333333325,1.96,3.061902615534073,2.32,3.27,4.1,2.16,2.23,6.03
2009-12-01,7.98,5.64,7.44,7.44,9.09,8.74,4.38,4.77,6.62,4.72,9.54,8.43,7.58,6.29,4.301111111111111,8.65,8.36,5.78,5.6,6.78125,6.94,5.41,4.56,8.78,7.85,7.13,2.8934182010004896,8.35,6.68,9.74,8.95,7.27,5.91
2010-01-01,7.14,3.61,5.78,6.13,7.26,9.06,3.44,3.26,5.250000000000001,2.96,6.1159027777777775,6.35,6.66,6.21,6.08,5.793333333333334,7.5,3.09,4.8566666666666665,5.759930555555556,6.17,5.54,3.42,7.23,5.91,6.04,2.8294947793197345,8.0,4.61,6.31,9.26,6.31,5.28
2010-02-01,3.47,2.21,3.75,3.95,4.456666666666666,3.31,2.19,2.02,3.22,2.08,3.3986342592592593,3.8,2.89,2.78,3.9,4.877777777777777,4.4,2.35,2.59,5.4606867283950615,3.86,4.155,2.22,4.580000000000001,3.973333333333333,3.11,2.8362654020506732,3.65,2.98,3.86,5.01,2.73,3.79
2010-03-01,3.69,2.09,3.82,4.17,3.65,3.46,2.2433333333333336,1.86,3.32,0.0,2.80954475308642,3.65,3.72,2.88,3.19,4.26,5.3,2.32,2.58,5.353562242798354,2.88,5.758333333333333,1.99,3.7,4.05,3.07,2.9297714002761097,3.61,2.63,3.45,2.49,3.07,6.63
2010-04-01,2.08,2.21,2.4,2.1,3.95,3.87,1.91,2.73,2.01,2.88,2.16,2.93,2.78,2.51,3.27,1.73,4.98,3.42,2.58,5.75,3.39,6.702777777777777,2.34,3.4,2.63,3.76,3.1218122386360463,3.59,2.07,1.64,3.22,2.69,3.71
2010-05-01,5.71,2.58,5.38,4.73,5.86,8.24,3.64,2.37,4.4,3.32,3.81,8.18,4.62,4.22,2.07,5.91,4.72,4.49,5.25,6.87,5.93,6.81,4.93,8.56,5.76,4.43,3.3388235487070315,8.05,4.596666666666667,6.62,6.95,7.15,5.67
2010-06-01,2.26,2.96,2.24,3.33,3.52,2.59,1.97,4.74,3.8,3.35,2.7133333333333334,3.68,2.62,1.25,1.43,2.95,4.71,2.56,2.11,7.38,2.46,5.54,2.41,5.1,6.911820987654321,4.16,3.466518799235506,4.21,5.15,3.6,2.54,5.06,4.03
2010-07-01,4.55,1.58,2.62,5.01,3.41,5.88,3.95,4.54,3.94,0.0,1.94,5.49,3.56,5.89,4.38,1.64,4.54,3.61,4.8,10.46,7.02,6.06,4.8,5.44,11.28,3.14,3.589270655844044,9.54,4.35,5.33,4.29,3.8,4.91
2010-08-01,1.44,6.26,3.05,4.27,3.44,0.82,9.27,8.81,5.55,4.55,6.93,2.72,2.79,2.8,4.303333333333334,2.64,7.07,3.16,3.46,6.5,5.83,7.03,4.54,9.59,7.59,1.54,3.687231442423331,3.92,4.59,1.56,3.44,5.77,4.06
2010-09-01,2.95,4.04,1.13,1.9,0.85,2.29,6.766666666666667,4.39,5.42,4.32,4.8133333333333335,3.99,5.1,4.34,3.4,1.27,2.35,4.18,4.51,9.21,3.21,8.97,5.24,4.93,2.76,1.28,3.6544122389790292,2.67,4.243333333333333,2.2,6.169999999999999,4.55,6.58
2010-10-01,5.05,2.41,2.31,4.25,4.7,4.08,3.16,3.36,3.88,3.8,2.14,4.56,4.24,3.99,3.516666666666667,2.16,5.71,3.12,2.69,6.82,2.08,4.82,3.39,5.28,2.52,3.97,3.4938726723303004,3.89,3.02,3.4,4.59,3.93,5.51
2010-11-01,5.29,4.79,8.0,5.49,6.73,6.14,5.36,1.65,4.3,0.0,3.17,6.03,5.38,6.73,3.648888888888889,3.19,7.54,3.33,5.92,7.755,4.61,5.41,4.4,5.36,5.5,5.46,3.2778876439321865,6.12,3.36,8.15,6.8,4.05,4.06
2010-12-01,4.05,2.56,1.43,2.13,2.94,3.81,4.1066666666666665,4.7,4.91,0.0,6.3549999999999995,3.42,4.3,2.2,4.59,1.88,3.35,4.073333333333333,2.11,7.2681249999999995,6.05,5.41,3.42,4.69,8.863333333333333,0.98,3.085652922466338,4.34,3.92,6.713333333333334,3.28,4.44,5.75
2011-01-01,4.71,1.88,4.27,3.69,4.14,4.28,2.58,2.2,2.94,1.8033333333333335,6.696967592592593,3.89,3.58,3.42,5.335,3.0944444444444446,5.21,3.4244444444444446,2.41,6.514027777777778,4.1,5.475,3.8699999999999997,5.960000000000001,13.24,3.95,2.957573850893036,6.17,3.186666666666667,5.091111111111111,5.46,3.46,3.79
2011-02-01,2.17,4.53,2.24,2.4,3.37,2.66,2.385,3.08,2.26,2.45,5.90520061728395,3.23,2.61,4.09,4.6175,1.61,2.57,3.11,3.293333333333333,5.98735725308642,3.14,4.8149999999999995,4.77,5.270000000000001,4.93,3.21,2.8969196264718544,4.91,1.03,2.25,3.67,3.28,2.09
2011-03-01,9.62,6.37,11.77,10.38,9.09,8.2,2.314166666666667,6.23,9.21,5.95,7.62,9.33,7.9,6.38,3.9037499999999996,12.62,10.63,7.5,4.88,5.670459747942386,8.37,5.286666666666666,4.96,4.485000000000001,10.19,6.28,2.913345513373982,4.26,8.32,11.15,5.133333333333334,9.0,8.67
2011-04-01,11.21,4.57,8.84,9.48,9.37,4.84,3.211388888888889,6.65,7.32,4.78,4.890000000000001,9.03,10.75,9.08,3.586875,6.1933333333333325,13.1,7.68,3.19,5.710229873971193,8.89,5.994722222222221,4.23,3.942500000000001,6.1499999999999995,10.12,3.017578876005014,3.925,7.81,10.75,9.24,7.68,6.84
2011-05-01,3.54,5.93,1.62,6.32,6.366666666666667,2.45,4.08712962962963,4.56,2.98,4.68,4.3500000000000005,2.09,1.77,1.64,2.8284374999999997,5.444444444444444,3.26,2.34,2.11,6.290114936985597,4.82,6.991574074074073,3.82,6.251250000000001,5.63,2.21,3.178201212356023,5.987500000000001,6.115555555555556,1.18,2.36,3.23,2.72
2011-06-01,4.48,3.4,3.95,4.75,3.87,1.7666666666666666,5.41,4.41,5.72,4.97,2.8111111111111113,5.29,3.1033333333333335,2.99,2.1292187499999997,4.23,5.71,9.33,6.53,6.443371645661865,5.75,6.900524691358025,7.77,5.675625,6.27091049382716,3.93,3.3223600057957645,5.098750000000001,5.94,6.85,6.45,9.67,5.65
2011-07-01,2.55,3.85,3.87,1.78,3.76,2.6355555555555554,5.12,6.11,9.38,3.44,2.0403703703703706,4.51,4.92,2.49,3.254609375,2.98,3.98,4.85,6.61,7.521123881887289,5.4,8.17,3.31,5.557812500000001,8.180303497942388,1.28,3.455815330819904,8.422916666666667,3.39,2.2,2.14,5.04,7.79
2011-08-01,0.4,2.47,0.01,0.27,0.4,0.26,1.31,3.2,1.88,3.54,1.37,0.5,2.54,1.06,3.778971354166667,0.27,1.05,4.316666666666666,2.88,5.66,1.77,7.6,3.0,7.57390625,7.586767832647463,0.71,3.5715233866216174,7.65763888888889,4.226666666666667,0.3,0.33,2.99,1.36
2011-09-01,13.9,3.14,10.85,16.65,9.46,11.79,3.34,4.56,6.92,4.63,6.16,9.37,7.52,8.74,3.589485677083333,11.25,6.76,4.94,4.01,7.4350000000000005,5.42,8.285,6.82,7.404635416666667,6.99,6.87,3.6129678128003233,10.63,4.7,10.45,9.01,10.36,8.26
2011-10-01,5.18,2.84,2.7,3.75,2.51,3.48,2.3,2.86,4.89,3.12,2.51,3.95,5.64,4.76,3.5530761718750004,2.84,4.19,4.84,4.4,7.1275,4.12,6.5525,3.43,7.464878472222222,3.89,2.65,3.553420242565312,7.260000000000001,3.71,3.0,2.64,4.51,5.01
2011-11-01,9.02,4.6,8.14,8.16,9.56,9.2,3.9766666666666666,4.22,6.93,4.7,4.23,10.71,6.9,7.08,3.6009825303819447,7.24,8.62,5.68,5.68,7.44125,8.38,7.554166666666667,5.23,9.71,7.56,10.17,3.415653943248749,6.69,5.5,12.25,11.99,7.97,7.67
2011-12-01,7.05,4.1,6.53,6.7,6.33,6.08,4.27,4.63,6.0,4.51,4.785,5.1,5.17,4.91,4.095491265190972,6.63,6.31,4.03,3.79,7.3546875,5.94,7.888055555555556,4.76,5.09,8.211666666666666,5.39,3.2506534328575434,5.515000000000001,4.56,10.3,6.09,4.95,7.0
2012-01-01,5.95,4.6,7.1,4.613333333333333,6.54,7.26,4.47,4.32,5.83,3.66,5.083989197530864,7.72,5.84,5.67,4.715245632595487,8.21,7.47,4.32,4.03,6.934357638888889,5.91,10.7,3.91,5.010000000000001,10.725833333333334,7.04,3.1041136418752897,5.8425,4.72,5.963703703703704,7.22,4.76,6.08
2012-02-01,2.52,3.71,2.25,3.45,2.56,2.99,3.97,2.46,3.19,3.18,3.77,2.1,4.225,4.06,4.666372816297743,2.58,2.77,3.54,3.51,6.460857445987655,3.87,6.581666666666666,3.94,3.98,7.827916666666667,3.03,3.000516634173572,5.376250000000001,2.875,2.5,4.01,3.46,2.67
2012-03-01,4.98,2.58,5.4,4.9,5.25,7.02,3.62,4.37,8.7,4.29,3.21,5.12,6.0625,6.06,4.303374272099248,3.53,4.83,4.85,4.11,7.070439064643348,7.34,5.366111111111111,4.95,4.1383333333333345,8.215972222222222,4.79,2.9569310737737773,4.818125,5.5975,3.9,3.414444444444445,5.89,8.13
2012-04-01,1.62,3.83,0.69,1.16,1.05,1.29,3.62,4.55,5.17,4.86,3.75,2.65,6.1875,3.64,4.076749757366415,1.86,1.12,2.44,2.02,7.286889646204847,1.77,4.23,3.18,3.95,6.998657407407407,1.84,2.987254974889396,4.3715625,6.703749999999999,2.1,1.1,3.24,3.96
2012-05-01,2.83,2.07,2.5,2.12,4.76,6.12,3.73,2.63,6.22,4.71,1.9,5.26,3.2358333333333333,3.61,4.34,4.39,3.19,3.97,3.36,9.08,3.06,5.82,3.46,3.84,6.63,3.71,3.0827280936227095,5.17953125,6.409652777777778,6.4,3.01,2.93,6.27
2012-06-01,2.03,1.2,2.43,2.65,2.82,1.14,1.95,2.15,2.95,5.05,0.89,1.87,1.75,2.53,1.11,3.33,2.61,2.61,2.48,3.6,0.75,2.48,1.78,5.701875,6.45045524691358,1.76,3.2025440497092372,5.1391406250000005,6.174826388888889,2.61,1.44,2.15,3.82
2012-07-01,7.77,12.7,6.87,6.01,8.67,7.39,8.92,9.8,7.6,5.47,8.61,10.03,5.05,6.27,8.05,8.32,8.36,2.9266666666666663,6.57,12.65,7.47,6.35,6.23,7.59,6.810252914951989,6.92,3.3291796902645707,6.781028645833334,4.782413194444445,10.7,8.42,5.41,5.859999999999999
2012-08-01,4.5,1.96,3.79,6.39,2.94,2.74,6.51,6.99,5.09,3.19,2.35,4.94,5.3566666666666665,4.14,3.42,4.13,4.35,1.32,2.14,7.55,2.87,4.48,3.26,7.934635416666667,6.732340249199818,3.77,3.450351538443094,7.219333767361112,4.504539930555556,6.2,4.07,3.56,4.3966666666666665
2012-09-01,7.7,6.01,7.38,6.89,7.82,6.35,3.546666666666667,4.266666666666667,3.46,5.6,7.33,7.21,8.48,7.64,8.17,5.65,10.25,2.8033333333333332,5.31,7.33,3.81,5.37,4.34,8.64,5.8,5.1,3.5316596756217087,6.399777922453705,3.308179976851852,7.35,5.646666666666667,6.45,5.97
2012-10-01,2.83,2.95,5.25,4.24,3.55,2.36,2.212222222222222,2.792222222222222,4.0,2.75,2.78,2.41,3.01,2.78,2.71,4.25,5.48,2.15,2.48,5.439166666666666,2.31,6.77,2.23,2.18,2.79,2.64,3.54253995909351,5.003259307484568,2.579393325617284,3.3,3.86,4.27,4.32
2012-11-01,1.56,0.54,1.55,2.08,1.37,1.44,0.79,1.25,1.52,1.03,0.58,1.66,5.423333333333333,1.06,1.36,1.61,2.08,0.58,0.87,1.86,0.83,0.88,1.19,1.06,1.22,1.53,3.4790969511711296,1.35,0.72,1.5,1.66,0.77,1.49
2012-12-01,7.36,4.0,5.56,5.84,5.64,6.68,4.28,3.73,5.66,4.04,4.66,6.25,6.36,6.18,7.11,4.98,7.84,4.93,5.35,7.94,4.43,6.49,4.37,5.93,4.86,5.51,3.3648751920143365,5.84,5.59,5.090000000000001,6.35,5.85,5.79
2013-01-01,12.12,9.99,9.74,10.9,8.99,10.64,9.35,8.76,12.58,10.3,9.19,5.55,12.96,12.67,8.84,8.82,10.09,11.43,11.6,17.7,8.15,16.92,11.52,8.87,6.99,8.97,3.234494416944813,9.26,11.49,4.8412345679012345,10.47,8.9,13.48
2013-02-01,2.76,1.86,3.94,3.63,2.61,2.66,2.11,1.7,3.11,2.09,2.69,2.68,7.625000000000001,2.42,2.54,4.3,2.8,2.34,2.2,9.590285815329217,2.08,4.81,1.93,2.4,7.005972222222223,2.25,3.1175055255591926,2.88,6.878333333333333,3.47,2.94,2.53,7.446666666666666
2013-03-01,5.13,4.62,4.71,4.72,5.16,5.15,3.2866666666666666,4.38,6.3,3.783333333333333,4.74,4.52,5.69,5.49,5.8,4.55,6.04,6.44,6.27,4.61,5.99,6.15,5.61,5.82,7.1406481481481485,4.96,3.0372182996664847,5.03,6.27,5.91,5.51,6.61,6.19
2013-04-01,8.57,4.13,9.08,10.51,8.95,8.49,4.13,4.31,5.95,4.97,5.16,7.58,7.84,7.32,7.43,7.74,13.51,4.97,4.87,8.73,5.69,6.84,4.8,6.19,6.2,8.06,3.0122366372779403,7.13,6.18,10.0,8.16,5.86,6.75
2013-05-01,6.43,4.09,7.19,6.2,9.27,6.68,4.73,6.56,6.2,6.63,4.213333333333334,6.21,5.21,3.52,6.463333333333334,6.13,5.23,4.06,2.5,6.84,5.3,5.25,3.97,5.07,4.64,9.08,3.0474823654503247,7.32,3.24,7.25,7.8500000000000005,3.33,7.963333333333334
2013-06-01,10.26,8.37,4.47,6.583333333333333,3.9,5.94,7.25,5.25,10.93,9.74,5.58,4.71,4.753333333333333,9.38,7.62,4.1,7.98,7.58,7.29,14.88,6.47,10.63,8.32,5.19,7.22,9.37,3.125013207579781,4.72,8.11,4.93,7.223333333333334,10.06,10.87
2013-07-01,7.29,7.11,8.49,10.9,12.99,11.65,9.01,7.75,7.5,7.83,6.78,8.95,7.3,7.37,9.18,9.11,11.62,6.43,6.03,15.28,8.65,9.69,4.25,9.88,7.21,8.39,2.9347309659481176,11.42,5.060804398148147,7.8149999999999995,12.38,7.63,6.28
2013-08-01,5.52,4.7,6.57,5.36,6.56,3.59,4.19,2.82,4.25,2.1,3.86,3.13,5.9255555555555555,3.21,3.44,5.21,2.93,2.79,1.98,5.27,3.41,4.29,3.24,4.49,3.38,6.18,2.911694168130404,3.85,2.29,7.0075,6.310000000000001,3.23,4.67
2013-09-01,3.32,1.85,2.11,2.7,5.133333333333333,3.56,1.79,2.66,4.1,1.92,1.91,2.63,5.12,4.42,4.74,2.56,2.57,3.91,3.19,6.32,3.61,5.623333333333334,3.5,3.5,3.91,2.09,2.35,2.87,3.42,7.17875,2.48,6.12,6.33
2013-10-01,0.64,0.68,0.3,0.83,1.02,0.45,1.21,0.82,1.05,2.8266666666666667,0.52,0.43,0.72,0.91,0.55,0.27,1.13,0.94,0.78,1.61,1.05,6.534444444444445,0.63,3.39,1.94,1.57,1.34,0.76,0.75,5.239375,0.82,0.82,1.12
2013-11-01,5.13,3.94,4.18,3.703333333333333,4.77,4.91,2.77,3.95,4.14,3.81,2.3266666666666667,4.41,4.51,4.41,4.42,4.7,5.06,4.12,3.05,1.735,3.79,7.21,3.95,4.49,4.26,3.64,5.27,4.45,4.24,3.3696875,4.24,3.73,5.28
2013-12-01,8.33,6.34,7.98,8.2,6.27,7.86,6.04,5.24,6.89,5.27,5.88,8.49,4.5633333333333335,8.23,8.38,6.4,9.13,6.55,6.41,4.8375,7.28,12.95,6.14,8.52,8.61,6.88,5.46,7.94,4.5200000000000005,4.229843750000001,8.17,8.1,7.66
2014-01-01,2.04,1.8,2.4,3.02,2.6,2.46,2.02,2.08,3.56,2.15,1.86,4.63,2.82,3.12,3.12,2.48,3.95,2.37,2.27,11.26875,7.38,12.183333333333332,3.17,2.73,5.06,2.74,3.03,3.01,6.580000000000001,4.535539158950618,2.72,2.43,8.62
2014-02-01,6.03,3.26,5.19,5.55,3.63,4.72,3.76,3.5,4.13,3.52,3.3,7.02,5.18,4.95,2.5766666666666667,6.74,5.82,4.14,4.01,8.666345271776406,6.71,6.68,3.97,5.31,5.96,5.07,2.94,5.3,3.73,4.002769579475309,5.17,4.74,4.72
2014-03-01,2.99,2.27,2.38,3.38,4.823333333333333,2.89,2.18,2.18,4.626666666666666,2.65,2.38,2.73,2.75,2.42,2.07,3.12,3.07,4.4,2.81,6.138781757258802,4.63,3.5,2.26,3.84,3.95,3.39,2.67,3.77,2.54,4.956384789737655,3.62,3.05,5.2
2014-04-01,6.09,2.47,5.47,6.85,5.68,5.02,3.3266666666666667,2.09,3.45,3.82,2.77,4.84,4.93,4.32,4.75,5.85,8.29,4.6850000000000005,3.95,5.14,4.91,4.63,3.53,4.55,7.01,6.29,3.42,4.73,3.8,7.478192394868827,4.91,3.14,4.69
2014-05-01,2.96,2.2,1.85,3.18,8.296666666666667,2.84,3.67,4.0,3.62,3.17,4.317777777777778,3.5,1.22,1.22,2.84,3.84,3.94,4.3725000000000005,2.0,7.07,4.04,3.09,2.21,2.92,5.57,1.69,3.36,2.37,3.86,7.364096197434414,3.44,2.67,2.45
2014-06-01,7.95,3.58,4.99,7.64,9.94,6.37,4.6,3.77,4.7,2.88,5.28925925925926,8.21,2.47,4.55,5.49,4.263333333333333,5.41,5.107500000000001,3.68,6.49,2.41,7.17,3.56,4.323333333333333,1.97,9.04,3.01,7.72,3.0,6.147048098717207,5.97,4.26,3.81
2014-07-01,5.59,5.25,2.57,2.39,3.6,4.81,5.510000000000001,4.24,7.27,4.52,5.97,4.35,7.22,4.67,5.57,4.85,6.49,4.969166666666667,8.37,11.96,5.69,7.33,4.23,4.86,7.48,2.38,3.35,4.04,5.7,6.981024049358603,4.15,7.36,5.15
2014-08-01,7.9,4.21,3.8,7.22,4.83,4.52,2.92,1.94,5.36,3.21,5.55,5.33,4.81,4.01,4.25,3.99,7.68,3.37,3.03,9.98,4.67,1.33,3.06,7.38,7.94,4.85,3.57,4.64,4.39,6.994262024679301,3.7,6.21,5.07
2014-09-01,1.71,1.42,2.48,2.06,1.42,2.52,3.3699999999999997,2.91,3.46,0.84,4.3500000000000005,1.34,1.8,0.19,0.78,3.63,0.6,3.206666666666667,3.26,5.44,3.31,3.38,1.05,2.11,3.08,0.74,4.37,1.59,2.8,7.086506012339651,0.98,4.44,4.21
2014-10-01,5.41,6.2,6.3,3.94,8.38,6.66,5.4,4.55,5.17,5.43,5.59,5.97,7.32,5.88,6.5,7.54,7.35,2.1622222222222223,7.07,10.98,6.84,8.36,5.26,8.22,8.69,8.42,3.456666666666667,7.1,8.2,6.162940506169825,6.5,9.06,6.39
2014-11-01,3.16,2.44,3.45,3.07,6.12,2.77,2.3,2.86,2.84,2.19,2.57,2.74,2.45,2.1,2.18,3.43,4.73,2.34,2.1,5.06,4.04,4.03,2.23,2.38,5.3,2.55,4.66,2.88,3.12,4.766314003084912,2.94,2.2,2.91
2014-12-01,4.74,3.03,4.4,4.7,5.21,5.5,2.18,1.46,3.18,1.91,3.63,6.38,4.0,4.24,5.72,4.466666666666667,6.28,4.445,4.1,4.865833333333334,5.34,4.9,2.86,5.86,5.75,5.23,3.46,5.95,4.75,4.788719251028304,5.47,5.08,3.72
2015-01-01,4.0,2.28,3.49,4.02,4.53,4.98,2.606666666666667,1.94,3.76,2.04,2.84,4.18,4.34,3.39,4.25,3.57,5.57,3.7116666666666673,3.55,4.7,3.0,5.17,2.8,3.3,2.99,4.39,2.32,3.88,3.15,4.89808613665964,3.903333333333333,2.99,4.77
2015-02-01,4.37,3.05,3.5,2.92,5.18,3.84,3.3288888888888892,2.96,3.13,3.42,2.82,8.92,4.23,3.75,3.74,3.83,9.28,4.057222222222222,3.38,4.46,5.17,5.45,3.48,3.43,5.16,3.43,3.46,4.41,4.1,5.37,3.52,2.98,3.88
2015-03-01,5.21,3.9,4.17,6.03,5.794444444444444,4.72,3.62,2.89,5.4,3.72,3.34,4.74,5.1,4.44,5.23,5.65,7.02,4.32,4.2,8.77,5.71,4.71,3.92,4.42,10.7,5.25,3.36,4.89,4.65,4.465461596579218,4.96,6.28,5.28
2015-04-01,5.67,4.98,9.31,6.73,7.38,5.59,4.89,4.14,5.5,4.78,4.82,5.48,4.8,4.14,4.41,10.58,8.82,4.52,4.53,10.96,8.46,7.93,4.47,5.99,7.9,6.89,5.44,5.97,7.28,5.004551330482681,6.75,5.85,4.93
2015-05-01,2.29,0.7,2.73,2.65,6.092222222222222,2.47,3.38,5.08,1.82,1.54,1.04,1.91,1.72,1.76,3.0,2.58,7.57,2.18,1.29,2.17,1.53,1.4,2.77,0.88,3.89,4.57,5.8,3.12,0.65,3.07,2.66,1.67,2.09
2015-06-01,3.3,2.45,4.11,5.04,2.6,6.73,4.57,3.09,5.73,4.68,4.72,5.81,5.7,5.29,5.6,4.407777777777778,5.47,6.9,4.61,8.27,5.63,6.28,7.53,3.36,6.0,3.01,3.59,4.83,6.67,4.6085240493586035,4.01,6.14,5.36
2015-07-01,12.66,5.79,6.28,9.5,3.0966666666666662,14.34,7.46,5.72,6.03,5.98,5.85,12.19,9.24,6.49,7.74,5.212592592592593,9.28,5.68,6.85,12.44,10.04,8.95,6.37,5.87,10.41,7.99,6.67,9.86,8.91,5.794774049358603,13.93,6.41,10.02
2015-08-01,8.44,6.01,7.09,6.05,3.09,3.82,4.6466666666666665,3.66,1.28,2.72,4.02,6.15,3.48,3.66,4.76,6.38,8.39,5.49,5.88,4.24,3.24,1.48,3.91,5.53,6.31,3.91,3.34,2.91,2.26,6.394518037018952,3.12,2.49,3.78
2015-09-01,4.84,2.94,2.38,3.82,3.65,5.83,3.56,2.72,2.97,3.2,2.18,5.12,3.25,1.58,3.4,3.63,1.75,2.65,3.21,4.57,4.23,1.46,3.44,3.9933333333333336,3.91,5.22,3.79,2.85,3.32,5.877008016452867,4.37,4.88,3.86
2015-10-01,4.69,3.5,6.6,7.36,4.93,4.29,4.48,2.71,6.21,4.53,3.44,4.36,3.78,3.11,4.1,7.12,4.0,4.82,3.42,8.51,3.87,7.72,4.01,4.34,3.68,4.78,3.88,2.91,5.66,5.396649507540897,4.99,4.08,4.43
2015-11-01,6.67,3.7,6.71,6.47,5.61,6.28,3.39,4.57,5.67,5.34,4.2,5.61,6.96,6.21,6.27,6.9,6.55,4.33,5.62,9.7,3.67,8.3,5.02,4.0,4.0,5.43,4.86,6.56,5.46,4.15,6.45,3.8,6.77
2015-12-01,11.06,5.27,10.41,9.35,13.67,11.44,2.785,6.05,7.29,5.88,5.54,9.02,9.75,7.84,12.34,10.65,14.7,6.62,6.81,14.16,6.76,15.06,5.4,8.24,7.6,10.94,5.45,10.61,7.22,4.356239750342769,13.04,7.42,9.07
2016-01-01,3.4,2.92,3.67,3.76,3.52,3.58,2.6958333333333337,2.58,2.59,2.57,3.03,3.98,3.54,2.76,3.44,4.28,3.06,1.55,2.97,3.66,3.39,4.4,2.33,3.27,3.64,3.72,2.31,3.44,3.22,4.13,3.53,2.94,4.18
2016-02-01,7.37,4.48,7.07,6.42,8.1,7.95,3.208240740740741,3.55,5.27,4.66,4.74,8.07,8.91,7.12,7.54,8.02,8.62,2.4324074074074074,5.39,8.2,7.72,8.87,4.17,7.77,6.27,7.88,5.41,8.21,2.956666666666667,4.510000000000001,10.17,6.9,7.31
2016-03-01,2.73,0.94,3.64,4.18,2.1,2.32,3.4760802469135803,1.44,2.83,1.56,0.78,2.55,2.19,2.94,2.31,2.85,3.63,1.69,1.44,3.48,1.92,3.43,1.81,3.07,1.55,2.78,1.4,2.18,1.55,4.335153865526407,2.35,2.33,2.01
2016-04-01,4.01,3.59,1.43,2.12,3.32,2.82,3.6,2.9,3.15,3.12,3.21,3.16,3.37,2.38,2.62,2.88,3.89,3.03,2.85,6.693333333333334,2.99,4.84,3.75,2.86,2.85,2.46,3.033333333333333,3.28,3.48,4.03,3.28,2.98,3.86
2016-05-01,4.25,3.98,1.43,2.37,1.95,2.96,4.2,5.55,4.82,6.61,2.92,3.41,4.36,4.06,2.69,2.44,3.72,4.13,4.11,5.64,5.32,6.1,5.87,4.09,4.9,1.91,3.697777777777777,2.19,4.21,1.6,3.48,4.25,5.98
2016-06-01,3.98,2.13,1.22,3.83,2.11,3.47,2.86,3.57,3.58,1.63,2.55,2.74,4.63,4.43,4.95,1.65,4.82,1.75,2.71,5.95,5.74,5.05,3.01,3.46,3.75,3.62,2.26,4.92,1.82,5.91,4.38,2.27,5.15
2016-07-01,4.35,2.89,2.5,4.75,2.18,3.21,2.88,6.42,4.85,3.68,5.23,5.91,4.55,4.8,5.15,2.01,3.52,3.516666666666667,3.17,10.45,6.89,5.46,2.82,2.93,6.56,4.66,4.84,6.23,4.98,1.88,4.53,5.01,2.72
2016-08-01,2.0,3.23,2.38,2.22,3.95,6.11,3.93,5.3,2.96,5.07,3.34,1.64,0.61,2.33,3.38,5.24,4.38,3.12,2.22,4.55,2.94,6.37,5.29,7.58,2.36,2.85,3.48,3.23,4.21,3.67,3.88,5.07,3.16
2016-09-01,2.28,2.57,1.63,2.46,1.91,1.48,2.73,1.58,1.72,1.91,1.93,1.46,1.37,1.42,1.16,2.0,2.04,1.57,1.73,2.66,1.2,1.58,0.94,2.61,2.25,1.2,2.0,1.49,1.41,1.59,0.94,2.6,3.45
2016-10-01,0.09,0.74,0.08,0.16,0.01,0.07,0.94,0.66,1.52,0.93,0.95,0.1,0.09,0.18,0.17,0.07,0.2,0.48,0.55,2.6,0.77,1.57,0.77,0.13,0.87,0.19,1.09,0.09,4.943333333333333,4.462216502513633,0.08,0.54,1.35
2016-11-01,4.11,3.05,5.48,5.22,4.6,4.54,1.7,1.14,1.38,1.81,2.94,3.88,0.6,5.78,2.91,3.51,4.06,1.83,4.44,6.536666666666666,3.58,2.46,2.82,4.39,2.48,4.14,1.82,3.99,6.054444444444445,6.4,4.31,3.93,0.29
2016-12-01,9.03,5.36,5.05,6.42,7.9,7.54,5.76,5.87,6.35,6.36,6.24,8.92,12.55,6.96,9.68,6.16,6.83,7.02,6.42,9.335555555555555,7.73,8.15,4.9,9.07,8.52,8.0,4.97,9.34,7.76,3.46,9.49,9.39,7.96
2017-01-01,4.25,2.55,4.99,3.41,3.8,4.32,4.13,3.88,4.66,4.06,2.48,3.74,3.85,3.37,3.88,5.56,6.41,2.83,4.39,7.31,4.3,6.46,4.39,5.15,4.49,4.64,5.08,4.23,3.9,3.36,4.84,4.51,4.5
2017-02-01,2.8,2.13,3.44,2.91,2.57,2.47,1.96,1.58,2.51,1.84,2.34,2.1,1.77,2.57,2.62,2.17,3.03,3.524135802469136,2.27,3.14,2.25,2.43,2.31,2.01,2.71,3.84,1.84,1.7,2.62,2.36,2.73,2.66,2.94
2017-03-01,5.81,4.57,4.13,5.16,5.36,5.97,4.49,5.14,5.99,4.62,4.35,6.28,8.43,5.73,8.55,5.27,7.22,5.31,5.43,9.58,6.3,8.57,4.7,5.75,5.43,4.96,6.35,6.07,6.04,3.23,6.12,5.55,7.08
2017-04-01,8.72,5.16,10.43,8.52,10.13,10.13,5.43,5.09,6.26,5.55,6.51,9.92,8.69,7.61,6.76,10.47,8.33,5.77,7.11,8.24,8.19,8.06,5.73,10.89,8.33,9.02,4.63,8.15,7.7,10.63,8.96,10.1,6.27
2017-05-01,8.82,7.78,5.87,6.44,7.99,9.37,7.74,9.14,7.51,5.01,5.9,6.31,5.14,4.85,4.35,7.23,7.97,3.32,2.77,9.47,5.41,6.09,5.18,6.72,7.26,7.83,9.3,6.88,5.49,8.09,8.38,3.73,7.28
2017-06-01,3.41,2.06,4.48,4.6,3.66,2.13,3.01,2.51,6.0,1.92,2.31,3.54,4.16,4.42,3.5,9.87,5.26,3.43,3.31,7.39,5.22,3.8,2.47,4.36,4.99,3.8,2.79,4.3,4.9,5.6,6.18,4.42,3.23
2017-07-01,4.71,4.28,6.94,3.66,5.61,5.44,4.53,4.1,6.52,3.77,4.14,2.95,4.77,3.02,4.02,6.79,8.63,2.86,2.43,8.96,8.86,4.73,2.78,6.6,5.23,8.3,7.81,6.38,3.99,4.89,5.38,4.58,6.6
2017-08-01,4.93,6.28,3.47,2.61,1.83,3.02,3.07,5.16,3.16,3.02,4.8,4.5,6.11,5.95,3.9,2.76,4.63,3.51,4.46,8.65,6.73,7.586666666666667,4.13,5.64,7.55,4.27,5.3,2.69,2.26,3.51,2.02,3.15,3.9
2017-09-01,4.91,0.99,3.64,2.54,4.55,3.26,1.8,1.71,2.93,1.58,1.18,2.59,2.19,2.43,2.94,4.17,5.5,1.42,1.62,4.58,3.39,6.942222222222223,2.58,4.12,4.56,4.2,2.0,4.25,2.23,4.77,4.78,1.71,3.29
2017-10-01,5.48,4.45,6.1,6.99,7.16,6.08,5.0,5.61,6.0,4.19,4.52,6.11,6.29,5.36,4.9,9.65,7.36,5.51,5.13,11.39,5.02,11.66,3.92,6.58,5.83,6.1,10.35,6.85,5.98,9.45,7.57,5.7,6.43
2017-11-01,2.96,1.1,1.65,1.41,2.45,2.83,1.6,1.08,3.29,1.79,1.12,5.89,3.23,3.19,4.68,1.49,1.96,1.42,1.79,4.28,1.69,3.17,2.19,2.36,1.04,3.4,1.47,6.07,1.48,1.25,3.15,1.36,3.98
2017-12-01,3.09,1.76,3.34,3.0,4.17,3.31,2.02,2.23,4.58,2.7,2.05,3.13,3.64,3.38,4.62,3.75,4.22,5.580000000000001,2.9,4.4,3.26,4.15,3.37,3.04,3.93,3.18,2.59,4.07,3.9299999999999997,3.68,3.39,2.54,4.36
2018-01-01,1.88,1.57,1.17,1.51,2.16,1.89,1.41,1.6,1.65,1.39,1.83,2.36,2.17,1.54,1.61,5.46,2.0,5.57,1.58,5.35,1.8,3.86,1.45,1.37,1.4,1.5,2.81,1.89,2.55,2.16,1.97,2.16,1.98
2018-02-01,6.91,7.55,9.7,7.63,7.88,8.4,5.98,4.18,7.32,5.57,8.37,10.81,9.3,8.28,7.44,7.07,10.1,8.3,8.71,8.7,10.6,11.35,6.98,10.46,10.76,9.05,5.06,8.29,9.84,10.28,9.17,12.11,9.04
2018-03-01,7.43,4.41,2.73,3.85,5.24,5.82,5.12,3.94,7.2,4.83,4.57,5.84,6.48,5.14,5.22,4.97,5.77,6.04,4.77,11.82,5.79,6.88,4.59,5.78,5.7,6.31,6.35,5.09,5.92,4.1,6.25,5.39,6.98
2018-04-01,6.79,2.97,6.59,6.85,6.27,7.68,4.31,4.44,4.27,3.34,2.64,6.72,5.18,4.28,5.03,10.52,9.7,2.08,2.72,7.01,6.01,5.49,2.76,4.04,6.45,8.75,5.98,7.35,3.89,10.15,8.91,3.65,5.18
2018-05-01,5.08,7.85,3.32,7.78,3.31,5.01,6.29,5.92,5.46,4.85,3.48,3.21,4.65,4.19,1.7,7.9,5.9,4.53,5.28,8.64,3.83,10.17,3.83,2.14,2.87,8.6,6.62,2.94,5.23,7.4,3.55,5.94,4.27
2018-06-01,11.95,3.76,4.47,5.5,9.5,6.04,4.68,6.78,5.96,8.82,4.44,7.08,4.52,4.13,4.74,7.37,6.71,7.05,4.49,13.77,5.53,9.24,3.48,3.22,3.75,7.12,6.72,7.69,5.26,7.35,9.26,7.22,5.27
2018-07-01,6.37,3.38,6.06,5.79,5.9,3.66,6.84,5.56,6.27,5.61,3.97,5.42,5.98,5.3,3.52,4.03,4.27,2.38,5.68,6.47,6.25,7.41,4.5,4.28,4.04,6.29,3.16,5.29,2.13,3.35,7.39,3.1,4.19
2018-08-01,7.6,4.08,5.69,5.84,9.73,4.54,5.77,7.17,7.22,3.45,3.82,4.7,5.76,4.66,4.55,7.8,7.87,3.61,4.32,11.31,2.99,9.43,4.28,4.11,3.67,3.87,8.07,5.52,4.85,6.15,7.39,5.51,6.98
2018-09-01,11.12,4.55,7.27,7.69,12.46,7.68,3.75,4.39,8.73,4.36,4.62,8.98,9.43,7.4,7.65,8.69,8.84,4.76,5.54,10.73,8.73,8.35,4.92,6.71,12.21,5.41,3.38,9.38,7.18,11.25,11.61,4.61,7.61
2018-10-01,3.53,3.22,2.58,3.75,3.03,2.9,4.23,4.81,5.35,3.18,2.85,3.83,3.68,3.0,3.82,2.77,2.54,3.67,3.49,7.48,2.54,5.52,3.18,2.54,2.46,2.4,7.03,3.23,4.05,2.8,2.89,2.63,4.18
2018-11-01,7.69,5.04,7.35,7.8,6.94,6.2,4.84,3.68,5.74,4.59,4.88,5.7,6.92,5.95,5.17,7.21,6.85,5.14,5.19,8.32,5.2,7.44,5.39,4.99,6.21,6.05,5.97,6.54,5.88,8.1,7.62,5.17,5.636666666666667
2018-12-01,10.21,5.85,9.0,9.84,9.75,9.09,5.21,6.36,8.54,6.36,4.5,7.47,8.88,7.5,9.28,7.32,11.1,6.27,5.83,11.83,7.53,11.27,5.95,7.86,9.53,8.28,8.97,8.24,6.72,7.11,9.49,7.04,8.75
2019-01-01,7.32,3.69,7.0,5.7,7.02,8.13,4.16,3.36,4.95,4.14,4.34,7.66,5.79,4.98,5.98,7.926666666666667,7.59,4.45,4.65,8.73,6.44,8.47,3.77,6.6,6.51,6.71,5.02,7.26,4.62,7.1,8.27,5.54,5.32
2019-02-01,11.2,10.47,11.31,11.53,11.21,12.16,8.77,5.59,7.68,8.21,10.58,15.6,15.14,13.08,13.57,11.0,12.55,13.2,13.49,11.9,12.53,11.65,9.0,16.87,12.89,13.27,6.27,14.49,12.22,10.0,14.42,14.67,9.64
2019-03-01,5.94,3.69,5.97,5.77,5.08,5.99,3.26,2.92,4.56,4.3,3.44,5.83,3.84,4.05,4.67,6.21,7.02,,4.24,5.17,4.28,5.12,4.34,4.93,4.29,7.38,3.99,6.58,4.74,4.77,6.98,4.94,5.51
2019-04-01,5.28,5.16,4.35,4.07,6.45,5.11,5.22,5.51,6.7,5.49,4.4,5.09,5.32,4.39,4.36,4.89,6.76,4.24,3.94,12.87,5.24,,5.99,4.88,5.74,5.14,7.34,4.6,5.55,7.75,6.29,3.58,7.97
