Date,"CHATHAM, VA","MARTINSVILLE FILTER PLANT, VA","MEADOWS OF DAN 5 SW, VA","SOUTH BOSTON, VA","STUART, VA","JOHN FLANNAGAN LAKE, VA","GRUNDY, VA","LEBANON, VA","ABINGDON 3S, VA","WISE 1SE, VA","John Kerr Dam, VA","Emporia, VA"
1980-01-01,,4.19,4.86,,,3.86,3.92,,4.22,,4.76,5.34
1980-02-01,0.93,0.68,0.58,,0.87,1.59,1.13,,1.48,1.15,1.45,1.27
1980-03-01,4.72,5.78,7.56,,7.04,4.43,4.18,,5.84,4.32,4.02,3.24
1980-04-01,4.25,5.05,8.79,,7.67,3.38,4.25,,3.51,4.03,3.24,2.73
1980-05-01,3.0,3.61,6.45,,5.92,1.92,1.87,,4.08,2.88,4.01,4.66
1980-06-01,2.98,,4.24,,3.43,1.44,,,1.75,1.37,2.62,1.37
1980-07-01,3.55,5.02,2.56,,4.28,6.92,8.01,,5.5,7.85,,3.51
1980-08-01,0.3,1.44,1.41,0.44,2.69,3.59,3.16,,2.98,3.82,0.38,1.48
1980-09-01,1.62,1.54,3.8,2.67,2.09,4.76,4.5,,3.58,,0.68,1.11
1980-10-01,3.18,2.17,3.1,4.44,2.1,1.4,2.37,,2.95,1.25,6.37,5.75
1980-11-01,2.34,2.54,2.12,2.51,2.13,3.24,3.02,,2.86,2.79,2.96,2.17
1980-12-01,0.54,0.43,0.23,0.34,0.41,1.3,1.3,,1.54,1.07,0.87,1.56
1981-01-01,0.55,0.86,0.89,0.82,0.68,1.19,1.11,,1.6,1.16,0.67,0.48
1981-02-01,4.9,3.43,4.1,3.55,3.6,3.79,3.21,,3.39,3.74,2.47,1.5066666666666666
1981-03-01,1.71,2.57,2.85,2.0,3.05,3.35,2.44,,2.28,2.72,2.14,2.77
1981-04-01,2.76,2.53,3.22,2.62,2.81,3.81,4.41,,4.7,4.56,2.25,1.5
1981-05-01,3.0,3.98,4.32,2.11,4.67,4.16,4.96,,7.12,3.82,4.59,3.98
1981-06-01,1.93,2.31,2.92,2.77,3.96,3.91,5.13,,5.01,3.89,2.68,2.22
1981-07-01,6.07,2.39,2.65,5.97,4.68,3.61,7.71,,4.84,5.14,6.03,2.73
1981-08-01,2.19,1.52,2.44,2.08,1.1,1.99,3.41,,2.65,7.96,3.0,5.59
1981-09-01,4.97,6.11,6.95,3.96,7.09,3.58,3.99,,5.78,3.98,1.57,1.12
1981-10-01,3.94,3.0,5.37,4.52,4.35,3.03,2.51,,2.61,4.13,3.91,2.48
1981-11-01,0.8,0.83,0.58,0.69,0.94,1.01,0.84,,1.35,1.38,0.63,1.06
1981-12-01,4.66,4.1,4.18,5.02,4.38,2.79,2.32,,4.0,2.74,4.08,3.74
1982-01-01,4.82,4.01,4.32,3.3200000000000003,4.18,4.63,4.64,,5.33,5.73,4.46,4.7
1982-02-01,5.91,4.87,5.89,4.12,6.06,4.53,4.67,,6.17,4.95,4.87,5.15
1982-03-01,3.09,2.36,1.59,2.48,1.81,3.85,3.81,,4.41,4.17,2.75,2.26
1982-04-01,2.03,3.18,6.33,1.77,6.27,2.36,2.6,,3.0,1.83,1.72,3.05
1982-05-01,5.25,3.7,3.67,3.86,5.83,5.95,7.61,,2.69,2.11,5.77,5.34
1982-06-01,6.44,4.42,7.25,3.93,7.35,6.21,5.35,,6.53,7.16,5.55,3.18
1982-07-01,3.75,1.8,2.79,5.98,1.89,2.82,4.88,,7.55,4.1,4.55,3.78
1982-08-01,3.78,6.19,3.39,3.92,3.62,6.79,4.94,,7.94,5.55,5.17,3.94
1982-09-01,2.33,2.67,1.69,1.41,1.92,3.36,2.52,,3.18,5.55,2.42,2.79
1982-10-01,4.04,3.05,4.21,6.31,3.43,2.78,2.79,,2.97,1.63,4.58,3.69
1982-11-01,3.82,3.19,5.53,3.22,5.59,4.71,3.86,,4.55,4.76,2.52,3.02
1982-12-01,1.87,3.14,4.7,3.39,2.93,2.55,2.03,,3.01,2.55,4.99,3.88
1983-01-01,1.56,3.9600000000000004,2.07,1.56,1.73,1.67,1.32,,2.26,1.76,5.069999999999999,1.95
1983-02-01,2.51,4.73,4.9,4.18,3.75,2.96,2.77,,2.13,3.62,5.76,4.61
1983-03-01,7.36,5.81,6.78,6.27,5.65,1.34,1.5,,2.66,1.96,8.26,5.82
1983-04-01,7.8,7.31,11.58,6.09,7.68,3.87,3.72,,4.9,4.35,4.54,6.83
1983-05-01,3.65,4.33,6.46,2.68,4.53,5.51,5.02,,5.97,7.13,4.87,4.93
1983-06-01,1.81,5.25,4.83,4.67,5.55,3.49,2.8,,2.49,2.95,1.51,2.06
1983-07-01,0.51,1.7,3.45,1.24,1.54,4.26,3.95,,3.91,3.75,0.89,0.72
1983-08-01,2.7,1.82,1.47,2.17,0.38,3.18,4.66,,3.04,4.2,1.12,2.41
1983-09-01,1.07,1.33,1.16,1.65,1.92,1.19,1.29,,2.35,1.47,2.2,4.07
1983-10-01,3.59,8.17,7.99,3.75,5.88,4.74,3.86,,3.48,3.09,4.49,4.25
1983-11-01,5.63,5.62,5.47,4.84,4.87,2.54,2.83,,2.88,2.51,4.51,4.39
1983-12-01,5.66,5.15,6.11,4.61,5.61,2.79,2.9,,4.86,3.94,5.52,5.78
1984-01-01,2.94,2.53,1.97,5.31,2.89,1.74,2.03,,2.58,2.21,2.89,3.22
1984-02-01,5.56,5.78,5.87,4.81,4.92,3.93,4.43,,5.33,4.99,4.48,5.19
1984-03-01,7.38,6.71,6.59,7.03,6.84,3.03,2.54,,3.84,4.16,7.59,5.73
1984-04-01,4.54,3.54,3.61,6.489999999999999,3.68,3.02,3.72,,3.16,3.52,5.9,4.31
1984-05-01,4.45,4.63,7.79,6.35,6.14,9.52,8.94,,7.47,7.28,5.63,5.85
1984-06-01,1.89,0.62,2.89,3.55,1.81,4.25,3.27,,2.65,2.43,2.86,2.81
1984-07-01,4.94,4.95,6.15,7.36,6.81,2.91,3.73,,5.42,2.72,8.01,6.19
1984-08-01,7.17,4.85,3.05,1.05,3.74,1.59,3.66,,1.86,1.98,3.1,3.47
1984-09-01,0.87,2.72,0.25,0.9,0.87,1.56,1.65,,1.04,2.91,2.02,1.29
1984-10-01,3.97,1.52,3.15,2.93,2.15,3.97,4.16,,1.56,4.39,2.02,1.08
1984-11-01,2.33,2.28,3.38,2.09,2.86,4.67,5.35,,3.86,4.47,2.52,2.24
1984-12-01,1.82,1.42,1.53,1.59,1.39,3.3,2.94,,3.34,2.46,2.39,2.37
1985-01-01,3.28,3.85,3.11,4.99,2.88,2.36,2.06,,3.25,2.67,5.1,4.67
1985-02-01,4.06,4.815,4.22,3.65,4.53,3.68,2.77,,3.19,3.93,4.05,4.14
1985-03-01,1.25,5.7625,1.33,0.77,1.02,2.796666666666667,2.0,,1.85,2.17,1.15,1.17
1985-04-01,0.77,4.65125,3.78,0.48,2.87,1.68,1.51,,2.27,2.57,1.08,0.78
1985-05-01,3.29,4.640625,5.15,3.51,7.12,4.35,5.06,,4.72,3.6,3.46,3.89
1985-06-01,1.63,2.6303125,2.3,2.41,5.89,3.0,2.9,,2.87,3.04,2.88,2.81
1985-07-01,7.79,3.79015625,8.55,5.15,6.94,5.88,7.72,,5.38,4.82,3.88,6.75
1985-08-01,9.01,4.320078125,13.25,8.12,13.16,2.6466666666666665,4.39,,4.67,6.41,5.71,4.79
1985-09-01,0.21,3.5200390625000004,0.0,0.11,0.98,0.47,1.07,,0.29,3.81,1.78,5.35
1985-10-01,3.23,2.52001953125,4.69,3.94,5.86,2.5,2.23,,2.63,2.11,3.3,2.97
1985-11-01,9.84,2.4000097656249997,10.66,9.14,8.14,7.36,7.22,,8.28,5.52,8.44,8.28
1985-12-01,1.45,1.9100048828124998,1.34,1.46,1.39,1.54,1.6,,1.27,1.56,1.7,1.61
1986-01-01,1.14,2.88000244140625,2.02,1.33,1.32,2.7433333333333336,1.16,,3.53,1.6,2.46,3.11
1986-02-01,2.34,3.8475012207031254,2.74,2.09,2.83,4.33,3.23,,4.52,5.41,2.26,2.38
1986-03-01,1.15,4.805000610351563,2.88,2.34,1.77,1.81,1.48,,2.12,2.8833333333333333,2.56,2.32
1986-04-01,0.96,4.728125305175782,0.85,0.46,1.64,1.13,1.61,,0.93,1.07,1.14,1.2
1986-05-01,2.88,4.684375152587891,3.07,4.0,2.28,5.02,7.55,,5.95,3.56,3.14,5.47
1986-06-01,1.67,3.6573438262939453,1.18,0.53,1.45,1.14,0.85,,1.23,0.72,0.74,1.85
1986-07-01,4.26,3.7237500381469726,2.51,0.88,5.0,3.51,5.24,,3.54,3.0100000000000002,3.4,4.14
1986-08-01,4.71,4.021914081573486,7.51,7.2,7.436666666666667,2.87,3.56,,4.87,4.303333333333334,7.82,10.82
1986-09-01,2.71,3.7709765720367434,5.39,1.55,4.15,6.78,5.09,,5.77,3.49,0.62,0.47
1986-10-01,2.88,3.1454980516433717,2.97,2.43,2.7,4.19,2.96,,3.09,3.17,3.25,2.92
1986-11-01,3.23,2.7727539086341855,5.57,3.56,5.0,5.85,4.77,,3.11,5.33,3.21,2.28
1986-12-01,5.04,2.341379395723343,5.05,4.3,4.89,3.32,3.35,,4.33,4.16,4.2,5.12
1987-01-01,2.7433333333333336,2.6106909185647966,4.35,6.45,4.29,3.45,4.55,,4.4,3.89,6.78,10.24
1987-02-01,2.05,3.229096069633961,4.16,3.57,4.053333333333334,4.48,4.46,,4.3,3.61,3.03,3.38
1987-03-01,4.2,4.017048339992762,8.21,4.63,5.04,2.92,2.86,,3.02,3.32,5.06,3.38
1987-04-01,9.53,4.372586822584272,7.96,5.78,10.29,5.48,11.69,,7.08,6.32,9.28,8.51
1987-05-01,0.94,4.528480987586081,2.8,2.67,1.76,1.49,2.24,,2.62,2.62,4.68,0.66
1987-06-01,5.0,4.092912406940013,3.64,2.51,3.65,2.27,8.59,,3.92,3.17,4.84,2.07
1987-07-01,2.02,3.908331222543493,3.9,3.33,7.59,3.15,6.59,,3.83,4.2,1.2,1.51
1987-08-01,1.14,2.960081768038993,1.3,2.52,2.74,2.87,2.09,,3.05,4.12,3.12,1.66
1987-09-01,10.52,2.5603527800252457,13.79,4.84,9.81,1.98,4.18,,3.2566666666666664,5.82,8.13,6.73
1987-10-01,0.59,0.95,0.53,1.91,1.41,1.13,1.44,,0.95,1.1,1.78,2.9
1987-11-01,3.84,4.72,4.94,3.9,4.69,3.5999999999999996,3.2566666666666664,,2.67,2.07,4.02,3.31
1987-12-01,3.68,4.22,3.09,3.96,2.79,3.82,3.56,,4.14,4.87,3.62,3.49
1988-01-01,2.18,1.77,2.59,2.92,2.73,2.9766666666666666,1.53,,2.82,2.66,3.12,2.48
1988-02-01,1.44,1.62,1.62,2.42,1.93,1.66,1.12,,3.16,2.29,2.05,3.4
1988-03-01,1.97,2.34,2.38,2.21,2.49,0.92,1.16,,1.91,2.38,1.39,2.11
1988-04-01,3.68,3.68,2.89,3.51,3.22,2.95,2.88,,4.51,3.06,4.21,4.55
1988-05-01,4.08,1.83,2.03,1.8,2.94,2.65,2.37,,3.12,2.67,2.32,4.15
1988-06-01,3.62,3.06,4.36,5.18,4.296666666666667,2.223333333333333,1.71,,1.28,2.32,2.41,4.93
1988-07-01,8.17,8.97,3.62,7.47,6.3,1.75,3.06,,5.03,4.97,4.2,3.53
1988-08-01,3.95,4.23,6.01,3.63,4.666666666666667,4.31,2.3,,3.04,2.27,2.73,1.76
1988-09-01,2.6,3.0467842600084154,4.38,2.8,4.96,5.6,5.85,,3.93,4.56,3.77,3.54
1988-10-01,1.76,2.35,2.04,3.42,2.37,1.81,1.95,,2.62,1.88,5.04,3.85
1988-11-01,4.44,4.15,6.32,4.91,3.84,3.83,3.42,,3.64,4.77,4.59,3.53
1988-12-01,1.3,1.0,1.61,1.13,2.8333333333333335,2.42,2.15,,2.22,3.25,0.79,0.58
1989-01-01,1.88,2.09,2.34,1.5,1.87,2.84,3.08,,3.79,3.69,1.73,2.29
1989-02-01,2.6633333333333336,2.59,3.64,4.85,3.48,4.28,3.58,,4.15,5.01,6.02,4.41
1989-03-01,4.67,4.06,4.89,5.04,4.36,2.73,2.89,,3.92,3.31,9.02,7.59
1989-04-01,4.01,2.91,3.07,5.11,2.35,4.66,3.84,,2.95,3.41,6.04,7.07
1989-05-01,5.61,6.03,7.77,3.58,5.89,4.453333333333333,6.64,,3.59,6.64,3.44,3.26
1989-06-01,9.35,7.35,11.15,8.34,9.64,6.05,7.97,,4.61,11.61,5.27,7.54
1989-07-01,7.2,9.28,8.11,7.293333333333333,7.970000000000001,4.94,3.63,6.58,4.33,6.42,8.08,5.09
1989-08-01,4.08,1.99,6.06,6.07,6.318333333333333,2.84,4.59,6.58,2.06,7.29,6.98,4.3
1989-09-01,6.06,8.56,9.29,5.72,5.639166666666666,6.78,6.32,6.58,8.4,7.52,2.81,2.04
1989-10-01,4.99,3.74,6.87,4.04,4.004583333333333,6.52,6.65,2.95,5.003333333333333,4.73,4.61,2.83
1989-11-01,2.89,2.28,3.43,2.63,3.9222916666666663,4.57,3.07,2.8,4.211111111111111,4.19,3.61,3.15
1989-12-01,2.22,3.39,2.26,2.65,3.3778125,0.85,1.36,1.01,3.99,2.33,2.0,2.43
1990-01-01,4.18,3.4,5.62,5.25,2.62390625,1.98,2.67,1.96,3.75,3.14,3.64,3.92
1990-02-01,5.76,6.49,7.06,4.85,3.051953125,5.28,5.31,3.42,5.02,5.12,3.38,3.94
1990-03-01,3.81,5.78,5.7,2.88,3.7059765625,2.85,2.63,2.77,5.32,3.59,2.69,3.17
1990-04-01,3.14,4.25,5.69,4.3,2.1719921875,3.52,3.12,2.32,4.21,4.06,4.22,3.16
1990-05-01,7.21,8.29,8.3,6.02,2.8406640625,4.42,5.53,7.79,6.72,6.17,6.81,5.47
1990-06-01,1.57,1.59,0.63,3.25,0.46,3.69,4.32,4.52,2.77,3.7,2.53,1.64
1990-07-01,4.91,4.51,9.88,3.56,6.65,2.85,2.1,3.34,5.26,4.21,3.69,2.85
1990-08-01,4.24,3.32,2.81,3.34,7.556111111111111,3.83,3.39,3.61,6.11,3.55,7.28,11.66
1990-09-01,0.82,1.96,1.04,0.46,7.631759259259259,4.27,3.7,2.65,3.77,3.05,0.34,0.62
1990-10-01,11.09,2.6966666666666668,13.61,8.3,9.7,4.23,4.09,4.86,5.42,3.59,4.6,4.58
1990-11-01,1.82,2.39,2.27,1.15,2.01,1.53,1.44,1.01,1.54,1.56,1.61,1.43
1990-12-01,5.34,2.6833333333333336,6.24,3.15,3.382604166666667,6.7,5.88,4.97,5.19,5.34,2.45,2.94
1991-01-01,4.56,2.7844444444444445,3.88,4.16,4.76,3.14,3.2,2.18,4.34,4.0,4.17,4.41
1991-02-01,1.83,2.27,3.46,1.63,2.93,3.57,3.3,3.33,5.0,3.91,1.71,0.72
1991-03-01,7.21,8.21,7.39,6.85,7.63,7.05,7.06,6.26,8.37,7.42,5.09,4.87
1991-04-01,2.89,3.02,4.88,1.97,4.55,1.9,1.29,2.02,1.76,2.47,1.89,1.16
1991-05-01,2.64,2.29,7.37,1.93,4.48,4.01,2.74,2.5,6.15,3.16,1.12,1.55
1991-06-01,5.03,4.25,3.39,3.24,5.0,4.86,6.37,4.63,4.24,4.72,3.88,5.73
1991-07-01,3.02,4.78,5.27,2.83,6.03,5.69,5.59,3.73,4.46,7.37,5.75,6.36
1991-08-01,0.87,4.0,1.83,1.84,3.19,3.27,4.35,2.32,2.91,4.13,3.49,7.08
1991-09-01,0.99,1.54,2.19,3.59,3.11,2.46,2.65,2.87,3.24,3.1,5.08,5.11
1991-10-01,0.47,0.35,1.06,1.72,0.99,1.08,1.24,0.47,0.49,1.39,2.38,3.57
1991-11-01,2.15,2.4,3.04,0.92,2.12,3.66,3.47,3.57,4.47,4.17,0.56,1.29
1991-12-01,4.57,5.23,5.75,3.6,5.42,7.91,7.78,6.5,6.2,7.22,2.69,1.88
1992-01-01,4.63,3.6381481481481486,4.55,4.19,4.51,2.01,2.02,2.25,1.97,2.87,3.74,3.75
1992-02-01,2.62,2.9,4.47,3.03,3.3,3.5700000000000003,1.83,2.22,3.45,2.29,2.23,2.26
1992-03-01,2.56,2.79,4.05,2.92,3.31,5.13,4.91,3.14,3.97,4.28,4.57,4.05
1992-04-01,3.99,4.24,8.27,3.28,8.03,3.19,2.71,2.29,2.78,2.64,1.47,3.34
1992-05-01,4.6,5.23,5.69,3.18,7.92,5.81,3.43,3.05,3.93,3.9,3.06,4.13
1992-06-01,2.54,3.83,6.78,3.0,5.43,2.61,2.31,2.81,4.57,3.67,4.68,3.7
1992-07-01,5.01,3.6,4.23,2.61,3.31,4.16,3.35,3.16,4.69,7.02,5.16,2.82
1992-08-01,5.2,3.15,5.34,3.16,6.03,8.22,4.76,5.08,3.03,2.97,7.9,7.13
1992-09-01,3.31,3.82,3.56,6.01,4.79,2.0,2.12,2.64,2.63,1.12,2.33,2.37
1992-10-01,3.24,2.73,4.23,2.79,3.83,1.49,1.45,1.93,3.1,2.27,3.37,2.95
1992-11-01,5.39,5.88,9.5,4.78,6.99,2.55,1.87,1.84,2.11,3.29,2.62,3.68
1992-12-01,3.46,2.69,4.21,3.27,2.95,4.81,4.52,4.17,5.92,3.99,2.2,2.65
1993-01-01,5.16,4.79,4.58,4.77,6.37,1.71,1.18,1.9,3.6133333333333333,2.58,3.82,5.15
1993-02-01,2.96,3.19,3.66,3.11,3.46,3.91,2.79,3.94,2.95,5.06,1.86,2.0
1993-03-01,8.44,9.46,9.71,7.97,7.69,6.45,6.43,5.55,6.89,6.33,6.46,8.34
1993-04-01,6.56,4.36,3.32,5.69,3.49,3.04,2.91,2.95,3.14,4.31,4.75,3.4
1993-05-01,1.92,4.22,3.99,2.58,4.22,2.12,0.97,3.02,2.83,5.28,4.67,3.96
1993-06-01,2.69,2.01,3.62,2.74,2.98,3.68,4.71,1.16,0.68,3.49,2.9,3.44
1993-07-01,4.39,7.32,3.6,1.3,4.76,4.77,3.78,2.57,2.91,4.08,3.96,1.79
1993-08-01,1.89,2.47,4.08,2.64,3.19,4.02,6.37,2.55,5.09,2.98,0.46,3.33
1993-09-01,4.92,2.64,3.88,3.06,3.51,3.2,3.51,2.4,5.07,4.17,1.18,3.22
1993-10-01,2.04,1.43,1.9,1.65,1.64,2.4466666666666668,3.74,2.14,2.03,3.56,2.74,2.73
1993-11-01,3.47,2.18,3.63,7.27,3.38,2.65,3.25,2.95,3.56,3.52,4.22,3.58
1993-12-01,5.05,4.46,5.43,4.94,4.13,4.93,5.09,4.7,6.12,5.35,3.07,3.35
1994-01-01,4.77,4.78,6.38,4.02,6.39,7.33,4.78,3.67,4.6,4.39,2.97,3.06
1994-02-01,4.12,4.32,5.01,4.38,4.34,6.64,5.97,6.89,7.9,7.84,3.0,3.75
1994-03-01,9.78,8.57,6.25,8.41,9.76,8.58,8.19,6.06,7.59,10.29,6.06,7.16
1994-04-01,1.85,1.54,4.03,2.65,1.8,4.46,6.27,3.23,3.6,4.79,1.53,1.34
1994-05-01,2.48,2.84,1.39,1.99,2.22,3.74,3.52,3.27,3.58,3.04,2.25,2.1
1994-06-01,4.19,3.22,6.76,3.5,5.39,5.77,2.82,3.22,3.87,4.83,2.57,1.58
1994-07-01,4.35,6.68,11.46,6.64,15.68,5.15,6.88,8.94,5.41,6.18,8.08,6.07
1994-08-01,3.33,4.023333333333333,8.15,1.22,4.87,6.15,5.76,5.52,4.43,6.55,3.7933333333333334,2.2
1994-09-01,3.25,2.92,3.59,3.4,1.8,2.39,2.93,1.66,1.87,1.58,2.84,3.78
1994-10-01,1.33,2.28,3.03,2.33,2.65,2.4,3.09,2.0,2.69,2.1,1.62,1.63
1994-11-01,3.36,2.01,3.42,3.45,2.59,1.63,1.09,1.69,1.99,1.91,3.03,2.56
1994-12-01,0.85,1.65,3.0,0.53,2.8,1.68,1.44,1.34,1.9,1.44,0.57,0.87
1995-01-01,4.93,5.14,8.25,4.92,7.22,5.02,3.84,4.67,5.73,6.3,3.78,3.41
1995-02-01,2.74,1.79,2.45,2.53,2.97,4.31,4.01,3.21,4.58,4.94,2.38,2.3
1995-03-01,2.21,1.65,1.69,2.94,1.65,4.03,2.63,2.2,3.16,3.28,3.45,6.55
1995-04-01,1.45,0.6,1.45,1.73,1.0,5.11,2.56,1.34,1.63,2.62,0.68,1.37
1995-05-01,4.7,5.13,4.68,4.35,5.47,6.84,7.52,5.0,5.59,6.27,3.82,2.91
1995-06-01,11.64,9.65,9.47,16.25,7.13,4.31,5.3,5.59,4.59,4.13,6.36,3.67
1995-07-01,4.73,4.33,3.89,5.68,1.82,0.63,2.07,2.25,1.37,1.31,2.05,3.33
1995-08-01,1.39,4.86,3.21,2.8,3.26,2.38,1.73,2.32,1.51,3.66,2.06,1.69
1995-09-01,4.8,2.72,2.23,3.04,2.05,4.21,3.44,3.33,3.83,3.03,1.77,3.59
1995-10-01,8.02,7.0,8.35,9.1,5.54,2.59,3.25,2.2,3.04,3.12,7.51,5.6
1995-11-01,3.36,2.91,5.24,2.96,4.01,5.78,4.58,4.06,5.36,5.52,4.26,3.39
1995-12-01,1.42,1.23,1.57,1.55,1.29,3.14,2.73,2.45,2.8,2.94,1.39,1.61
1996-01-01,2.3433333333333333,6.73,7.93,3.99,3.9499999999999997,2.76,4.79,7.37,6.02,7.08,4.95,3.87
1996-02-01,0.68,3.38,2.27,4.03,3.34,3.68,3.55,4.21,2.48,4.57,2.57,2.54
1996-03-01,4.44,4.97,4.42,4.03,4.41,4.61,4.99,3.93,4.41,5.93,3.05,2.96
1996-04-01,1.53,3.19,4.25,3.21,3.0,2.45,3.99,3.53,4.3,3.77,2.92,3.79
1996-05-01,5.09,5.66,6.4,3.76,6.39,9.79,8.7,10.48,8.4,5.7,3.7,5.29
1996-06-01,3.85,3.75,6.87,0.99,5.69,3.16,3.02,4.27,5.22,3.85,2.53,5.37
1996-07-01,3.89,3.82,7.54,3.27,3.68,3.66,7.17,4.51,3.07,5.48,3.95,6.81
1996-08-01,7.62,5.05,10.58,9.56,8.02,4.99,4.43,5.56,4.15,3.97,4.96,5.61
1996-09-01,15.96,11.88,10.32,13.42,9.36,4.47,5.01,4.06,5.11,5.89,5.98,5.25
1996-10-01,2.64,3.26,3.14,3.23,2.62,5.91,4.99,1.54,3.71,2.68,3.69,4.71
1996-11-01,2.68,4.0,4.58,2.52,4.04,3.88,3.88,4.52,4.67,6.16,4.65,3.51
1996-12-01,4.79,3.58,6.69,4.36,6.72,3.4233333333333333,4.07,4.93,4.61,4.34,4.02,4.14
1997-01-01,2.97,3.83,3.86,2.56,2.47,3.25,3.02,2.76,3.67,4.07,3.0,2.68
1997-02-01,3.27,2.76,3.93,3.1,2.7,1.91,2.42,3.43,4.08,3.43,2.88,2.99
1997-03-01,3.53,5.03,6.23,3.25,3.48,5.72,5.66,6.18,6.37,6.34,2.8,3.08
1997-04-01,4.72,4.58,5.28,6.31,5.53,2.54,2.47,2.82,4.93,3.64,3.5,4.64
1997-05-01,0.52,0.65,1.88,1.36,1.17,4.75,4.5,2.72,5.62,4.04,0.95,0.77
1997-06-01,1.94,4.2,7.21,2.97,6.62,5.7,4.56,4.05,4.15,2.88,6.63,2.52
1997-07-01,4.88,3.45,3.82,5.8,3.14,4.99,5.42,4.36,8.73,2.6,5.22,7.61
1997-08-01,3.71,4.32,1.77,4.25,1.91,2.89,3.29,1.05,2.33,1.24,2.56,1.34
1997-09-01,4.07,3.77,4.1,3.41,3.15,1.9,1.94,2.4,2.44,4.6,3.9,3.73
1997-10-01,2.78,3.16,1.92,2.13,1.94,1.24,0.83,1.18,1.59,1.56,2.41,3.29
1997-11-01,2.89,1.81,2.65,3.29,1.68,2.6933333333333334,2.06,1.68,2.07,2.84,2.51,3.22
1997-12-01,3.49,2.89,3.07,3.02,2.94,2.96,2.49,2.42,3.64,2.86,2.11,3.5
1998-01-01,8.48,7.19,10.1,7.3,7.4,3.4,5.02,5.13,4.8,5.89,4.61,5.89
1998-02-01,5.82,5.77,5.05,6.52,5.94,2.77,3.5,3.71,3.04,3.67,3.86,4.65
1998-03-01,5.57,3.53,4.02,6.21,3.93,3.59,3.88,3.53,4.93,4.1,8.11,6.28
1998-04-01,4.73,4.8,6.18,4.71,5.8,7.5,6.99,7.69,8.13,9.24,4.45,3.72
1998-05-01,4.63,6.39,7.14,4.87,7.6,7.13,7.59,5.64,6.29,5.04,3.57,3.68
1998-06-01,1.02,2.13,3.32,2.1,3.32,7.32,8.27,8.33,5.89,7.2,2.54,2.92
1998-07-01,1.36,1.47,3.16,1.86,3.7266666666666666,3.76,5.72,3.55,2.97,3.56,3.89,5.98
1998-08-01,2.47,4.47,7.76,2.84,4.72,3.64,3.23,3.17,3.29,3.3,3.91,2.22
1998-09-01,1.7,2.03,1.23,1.39,0.98,0.99,2.06,1.55,0.82,1.81,3.26,2.78
1998-10-01,1.04,1.01,3.81,1.64,2.14,1.54,1.35,1.56,1.34,1.46,1.49,3.62
1998-11-01,0.78,2.53,2.41,0.6,1.42,1.73,1.04,0.81,1.72,1.63,0.65,1.38
1998-12-01,4.68,4.77,4.81,4.58,4.72,5.04,4.77,5.28,5.6,5.67,4.89,5.54
1999-01-01,3.92,2.91,5.42,5.54,3.18,3.78,5.33,4.42,5.17,5.18,5.41,6.0
1999-02-01,2.21,2.43,3.06,1.6,2.35,1.64,2.42,3.04,3.18,3.34,1.75,1.51
1999-03-01,3.05,2.49,4.3,2.68,2.1,3.95,3.69,3.67,2.87,3.25,2.71,4.09
1999-04-01,3.17,3.01,3.81,5.05,3.96,3.38,4.0,3.5,4.46,3.54,4.3,3.6
1999-05-01,1.5,1.91,4.87,1.26,3.59,3.06,3.06,2.79,2.95,2.87,1.26,1.58
1999-06-01,1.46,1.81,3.54,1.3,1.96,2.35,5.066666666666666,3.6,4.94,2.24,1.11,1.04
1999-07-01,4.15,7.25,5.26,3.9,6.85,5.02,3.87,4.09,4.16,4.38,10.23,4.1
1999-08-01,2.31,3.06,6.24,1.5,5.19,3.51,2.17,2.5,3.09,1.7,1.67,4.58
1999-09-01,11.45,11.84,7.49,12.9,10.05,3.58,2.14,2.47,1.59,1.89,11.77,16.5
1999-10-01,1.85,2.12,3.0,2.59,2.38,2.6,2.83,1.43,1.25,2.25,3.29,4.1
1999-11-01,3.07,1.0,2.98,2.03,1.7,2.165,4.94,3.99,3.35,3.41,1.3,1.33
1999-12-01,2.15,2.51,3.55,1.6,2.49,3.6025,1.74,1.86,1.72,2.15,1.88,2.39
2000-01-01,7.09,2.66,3.45,4.68,3.52,3.69125,3.27,2.71,3.65,3.43,4.85,3.74
2000-02-01,1.24,1.71,1.42,1.49,1.79,2.665625,2.16,2.78,2.0,2.45,1.66,1.35
2000-03-01,3.57,2.53,3.36,2.4,3.17,2.6785416666666664,3.08,3.68,3.59,4.01,3.07,2.4
2000-04-01,4.84,5.36,5.59,7.11,5.85,2.492847222222222,5.31,3.99,3.72,5.16,4.26,4.93
2000-05-01,3.27,1.65,3.65,4.52,2.14,1.42,2.93,2.96,4.02,2.17,4.2,3.14
2000-06-01,5.09,3.67,5.23,8.83,3.56,3.73,5.69,4.39,6.18,3.94,4.8,4.49
2000-07-01,1.92,2.44,1.86,7.07,1.55,4.375,8.22,6.21,5.48,8.73,6.13,9.23
2000-08-01,2.85,3.82,5.4,4.03,2.52,3.9425,6.21,4.79,4.44,4.25,3.32,8.96
2000-09-01,6.32,5.94,6.25,2.54,7.48,3.76125,3.37,1.83,1.79,3.41,2.72,5.06
2000-10-01,0.01,0.0,0.0,0.06,0.0,3.180625,0.35,0.42,0.13,0.5,0.0,0.0
2000-11-01,1.21,1.68,3.4,1.6,1.84,2.6728125,1.08,1.92,1.79,1.61,1.41,1.12
2000-12-01,1.13,1.28,2.06,1.99,1.73,3.13765625,1.81,1.77,2.28,2.89,1.47,1.27
2001-01-01,2.58,2.88,2.62,2.4,1.87,3.414453125,2.39,2.06,3.3066666666666666,3.17,1.41,1.73
2001-02-01,1.18,1.69,2.2,2.34,2.13,3.0400390625,3.26,3.32,3.99,3.7,1.9,2.11
2001-03-01,3.5,5.01,4.45,5.94,5.2,4.229526909722222,3.47,3.77,3.63,3.62,7.45,4.01
2001-04-01,2.25,1.38,1.42,1.6,1.91,4.564124710648148,2.08,1.8,2.76,2.23,1.46,2.22
2001-05-01,7.69,8.11,8.06,8.86,5.96,6.97,4.59,4.53,4.77,6.02,3.19,3.52
2001-06-01,2.47,3.2,3.45,4.07,4.78,5.36,6.083333333333333,4.34,3.56,6.39,7.39,5.0
2001-07-01,4.38,4.14,7.13,4.9,5.59,4.8675,7.97,6.9,7.23,6.68,6.74,2.33
2001-08-01,2.54,2.99,5.08,2.19,4.3,4.404999999999999,3.05,4.22,1.79,3.95,3.3,6.63
2001-09-01,1.83,1.15,4.01,3.01,4.08,4.083125,1.74,2.64,1.87,2.66,1.14,4.29
2001-10-01,0.23,0.18,1.9,0.8,0.94,3.631875,1.11,1.2,1.1,1.69,0.87,0.9
2001-11-01,0.53,0.51,0.9,0.2,0.22,3.15234375,0.57,0.65,0.51,1.17,0.36,0.93
2001-12-01,3.25,3.11,4.43,2.53,3.08,3.145,2.39,2.73,3.21,3.21,1.86,1.54
2002-01-01,3.43,2.75,3.52,4.19,3.41,3.2797265625,4.8,4.13,4.64,5.74,4.29,4.73
2002-02-01,1.05,0.9,1.09,1.03,1.27,3.1598828125000002,1.06,1.08,1.13,1.37,1.02,1.03
2002-03-01,3.07,5.89,5.83,4.13,5.18,3.694704861111111,5.4,7.91,6.8,8.78,3.61,3.56
2002-04-01,1.65,0.83,2.48,0.71,1.03,4.1294147858796295,4.45,2.99,2.57,2.9,1.85,4.0
2002-05-01,5.6,5.96,4.96,3.65,4.05,5.549707392939815,4.14,3.68,3.31,4.07,3.52,3.68
2002-06-01,1.18,1.71,1.0,2.1,1.59,5.4548536964699075,6.76,4.01,3.23,2.54,0.85,1.36
2002-07-01,3.15,5.24,6.57,2.12,4.38,5.161176848234954,5.87,4.77,6.72,7.65,1.77,4.42
2002-08-01,2.91,3.4,3.39,4.13,2.9,4.7830884241174765,2.6,3.82,1.74,5.19,4.06,4.0
2002-09-01,2.93,4.1,5.49,6.2,4.54,4.433106712058738,2.71,2.55,2.87,3.73,3.29,3.15
2002-10-01,6.0,5.81,4.76,8.07,5.33,4.032490856029369,3.89,4.08,4.87,3.73,8.76,6.0
2002-11-01,5.49,4.17,7.38,4.28,3.81,3.5924173030146846,3.83,5.6,4.5,4.63,3.77,4.22
2002-12-01,3.65,3.2999999999999994,3.94,5.31,4.78,3.368708651507342,2.76,4.17,5.08,4.04,4.48,5.01
2003-01-01,2.54,2.62,2.17,1.99,1.79,3.3242176070036713,1.89,2.61,5.739999999999999,1.97,3.26,2.61
2003-02-01,7.22,6.43,7.15,5.76,4.93,4.518033473167891,8.14,6.25,7.5,9.82,4.63,5.11
2003-03-01,5.68,6.79,5.2,6.64,5.14,5.094246111426334,1.15,1.78,2.56,1.8,5.35,4.74
2003-04-01,5.69,5.5,6.5,5.32,6.77,7.07,5.68,5.25,5.47,8.16,4.89,5.32
2003-05-01,7.01,6.37,5.57,11.5,6.82,6.07,6.61,5.9,4.18,5.75,6.8,6.83
2003-06-01,9.16,8.16,18.13,6.84,12.71,4.49,6.45,5.44,7.13,5.52,4.81,3.88
2003-07-01,6.03,6.38,9.53,4.74,8.0,5.42,6.04,6.69,5.88,6.27,6.99,4.9
2003-08-01,7.66,5.06,8.5,3.52,8.62,3.68,6.24,7.38,5.06,4.43,5.55,6.07
2003-09-01,8.42,6.78,6.25,7.89,4.77,5.56,4.5,3.96,3.8,2.94,9.02,10.39
2003-10-01,2.67,1.65,3.61,2.72,2.96,1.74,2.8,1.77,1.66,1.96,2.15,2.81
2003-11-01,3.0,3.36,7.04,2.44,4.92,2.9541391010048947,4.8,5.89,5.99,5.75,2.77,1.91
2003-12-01,4.11,4.27,3.69,4.61,3.92,3.53,2.99,2.75,2.69,3.48,5.27,4.95
2004-01-01,1.87,1.34,0.82,1.82,1.48,4.95,4.68,3.5,3.39,4.33,1.26,1.76
2004-02-01,2.59,1.99,2.55,2.62,2.64,2.06,1.81,3.59,2.34,2.5,1.3,2.24
2004-03-01,1.59,1.66,1.84,1.26,1.84,3.95,1.45,3.04,3.83,4.22,1.5,1.63
2004-04-01,3.74,3.86,3.69,3.23,4.21,4.29,5.47,4.23,5.7,3.52,3.58,4.36
2004-05-01,3.28,5.04,2.27,3.79,2.86,5.53,6.41,6.7,5.88,5.44,2.94,3.15
2004-06-01,4.66,7.19,7.02,5.81,9.91,6.23,5.24,7.97,5.66,7.05,6.88,6.83
2004-07-01,7.05,4.99,4.74,4.65,6.38,3.93,4.3,3.27,5.87,7.156666666666666,7.23,10.0
2004-08-01,5.29,5.47,5.2,7.4,6.17,3.95,2.46,3.29,2.69,6.578888888888888,9.74,10.92
2004-09-01,6.12,7.89,16.78,3.75,10.98,7.05,5.81,5.57,4.79,8.15,3.11,6.27
2004-10-01,0.9,1.89,2.8,2.16,3.0,6.01,3.78,2.24,3.23,2.67,3.25,2.92
2004-11-01,5.88,5.16,4.53,5.19,4.08,1.85,2.51,3.45,3.67,4.35,3.53,3.91
2004-12-01,3.19,2.42,3.7,2.84,2.9,4.64,4.09,3.31,3.2,5.09,3.67,3.38
2005-01-01,3.39,2.51,5.26,3.58,2.68,4.795,4.03,3.19,3.31,4.71,2.32,2.63
2005-02-01,2.21,2.41,1.6,2.15,1.93,3.4275,2.55,1.9,1.84,3.605,2.62,2.41
2005-03-01,4.3,3.2,7.68,4.15,4.15,3.68875,3.09,4.05,3.67,3.478333333333333,4.24,4.27
2005-04-01,1.92,2.27,4.27,1.98,3.49,3.989375,4.8,5.54,4.81,3.2027777777777775,1.18,3.58
2005-05-01,4.03,1.32,2.97,4.08,3.67,4.7596875,2.73,3.3,2.58,2.61,2.63,2.75
2005-06-01,2.91,2.42,4.78,3.15,2.65,5.49484375,1.21,0.65,1.96,3.65,1.97,2.16
2005-07-01,6.58,8.27,12.16,5.59,4.233333333333333,4.712421875,3.383333333333333,5.99,4.16,8.65,3.26,3.61
2005-08-01,2.89,4.93,2.89,1.0,3.67,4.3312109375,4.64,1.74,2.77,2.88,2.24,1.07
2005-09-01,0.79,1.05,0.74,0.68,0.8,5.69060546875,1.14,0.95,0.69,1.04,1.0,2.01
2005-10-01,3.39,4.58,3.58,3.3,6.98,5.850302734375,1.94,2.82,2.39,1.66,3.04,4.22
2005-11-01,4.47,2.94,6.53,3.73,3.72,3.8501513671875003,2.09,3.64,3.25,2.68,2.59,3.88
2005-12-01,3.13,4.13,3.51,4.41,2.72,4.24507568359375,2.31,4.02,2.93,2.76,6.47,5.23
2006-01-01,2.64,3.63,5.67,2.59,3.86,4.520037841796875,3.55,4.56,3.31,3.1199999999999997,1.98,2.09
2006-02-01,2.17,1.55,0.95,1.48,1.51,3.9737689208984377,1.25,2.48,2.86,1.89,1.88,1.18
2006-03-01,0.26,0.59,0.84,0.8,0.58,3.831259460449219,1.75,1.59,2.41,2.31,0.59,0.63
2006-04-01,1.81,2.19,3.48,2.74,1.52,3.910317230224609,5.42,6.12,3.7999999999999994,6.05,3.65,3.29
2006-05-01,2.49,1.96,1.99,2.24,1.96,4.335002365112304,3.19,3.88,4.18,5.46,2.84,2.75
2006-06-01,5.16,9.63,12.22,7.1,7.02,4.914923057556152,3.436666666666667,4.94,3.2899999999999996,6.42,4.25,6.88
2006-07-01,3.98,3.58,5.2,5.79,4.63,4.813672466278076,5.91,3.66,3.73,2.92,11.76,9.12
2006-08-01,1.39,4.62,3.71,3.79,5.24,4.572441701889038,5.03,3.93,4.13,5.25,2.54,3.26
2006-09-01,9.95,4.84,8.46,5.15,3.5833333333333335,5.131523585319519,5.87,5.11,5.62,5.97,5.95,10.02
2006-10-01,5.82,4.82,6.75,4.49,4.71,5.49091315984726,5.18,4.71,3.56,4.3,5.07,5.56
2006-11-01,5.07,6.68,5.27,6.37,4.73,4.67053226351738,1.7,2.66,2.58,3.61,5.5,7.59
2006-12-01,2.16,2.54,3.71,2.24,2.62,4.457803973555565,1.44,2.53,1.83,2.44,1.79,2.66
2007-01-01,5.5,4.58,4.94,3.54,4.83,4.488920907676221,2.27,2.22,2.97,3.47,2.52,2.43
2007-02-01,1.85,2.2,2.21,2.24,2.45,4.231344914287329,0.74,1.38,1.37,1.98,2.27,1.83
2007-03-01,4.47,4.03,5.45,3.3,4.93,4.031302187368274,3.14,3.83,2.4033333333333338,3.08,3.22,2.62
2007-04-01,3.34,3.43,4.47,2.92,3.95,3.9708097087964416,6.29,3.48,3.43,6.8,3.29,3.04
2007-05-01,1.14,1.19,2.45,2.32,2.86,4.152906036954373,1.64,1.48,1.25,2.62,1.1,2.97
2007-06-01,2.99,2.28,5.27,4.73,3.64,4.533914547255263,2.15,2.74,3.58,3.85,3.16,3.0
2007-07-01,2.87,3.74,2.48,4.62,5.88,4.673793506766669,5.06,4.37,6.02,4.56,2.11,2.39
2007-08-01,0.26,2.06,3.06,1.58,2.14,4.623117604327854,1.45,0.8,1.18,2.28,0.22,2.94
2007-09-01,3.41,5.92,5.51,1.42,6.69,4.877320594823686,1.19,1.63,1.97,1.9,0.96,0.93
2007-10-01,7.39,7.24,7.85,5.15,5.65,5.184116877335473,3.25,1.83,2.06,2.66,5.33,4.33
2007-11-01,0.54,0.61,0.88,0.69,0.66,4.927324570426427,2.6,2.19,1.87,2.62,0.11,0.42
2007-12-01,3.26,3.39,3.56,3.73,4.04,4.692564271990996,2.85,2.54,2.33,2.89,4.15,4.91
2008-01-01,0.9,0.95,1.05,0.85,1.16,4.590742589833608,2.23,2.91,3.29,3.3,0.99,1.21
2008-02-01,2.33,2.6,4.13,2.3,3.15,4.411043752060468,1.98,3.62,3.33,4.18,2.02,3.33
2008-03-01,2.56,3.06,4.54,3.18,3.27,4.221172969714371,3.32,5.06,4.74,4.47,3.32,3.31
2008-04-01,6.09,6.11,5.77,5.92,6.57,4.095991339255407,4.37,4.41,4.47,4.62,6.38,7.02
2008-05-01,5.29,4.98,3.4,4.1,1.26,4.12444868810489,1.77,2.36,3.16,3.61,3.1,3.28
2008-06-01,2.25,2.63,4.75,4.33,5.06,4.329181617680076,3.07,3.2533333333333334,3.88,3.59,2.22,2.12
2008-07-01,3.85,1.98,2.18,4.07,1.36,4.501487562223373,5.65,4.66,3.06,7.67,7.17,3.44
2008-08-01,4.84,5.07,5.02,4.37,7.26,4.562302583275613,4.29,3.23,4.15,2.5,3.75,1.05
2008-09-01,3.52,5.09,3.6,7.22,3.16,4.71981158904965,1.28,2.56,2.26,1.8,4.79,4.75
2008-10-01,2.51,2.68,2.5,0.9,2.33,4.9519642331925615,1.74,1.35,1.24,1.82,0.7,0.79
2008-11-01,3.43,2.67,2.94,3.39,2.37,4.939644401809494,3.03,2.33,2.38,2.65,2.92,3.21
2008-12-01,4.52,3.57,5.33,4.79,4.93,4.816104336900245,3.543333333333333,5.35,5.06,6.4,3.85,3.77
2009-01-01,4.07,3.62,4.92,2.58,4.78,4.703423463366926,4.75,5.52,3.5499999999999994,6.29,2.51,2.17
2009-02-01,1.37,1.65,1.34,1.04,1.67,4.557233607713697,1.28,2.21,2.3,3.59,0.58,0.6
2009-03-01,4.13,3.09,4.58,5.63,4.78,4.389203288714034,3.81,4.12,3.4333333333333336,3.96,5.36,7.55
2009-04-01,3.3,3.47,4.78,2.36,2.69,4.242597313984721,2.66,2.94,3.26,3.35,1.94,1.48
2009-05-01,6.52,4.88,11.6,5.07,8.0,4.183523001044805,8.24,5.17,6.46,7.76,3.46,5.08
2009-06-01,4.72,5.88,8.79,7.26,9.05,4.256352309362441,3.44,7.03,5.9433333333333325,6.61,4.11,4.89
2009-07-01,4.21,1.32,3.71,3.44,2.21,4.378919935792907,5.34,3.31,7.49,5.06,5.04,4.95
2009-08-01,7.23,3.96,5.99,4.64,5.08,4.470611259534261,3.69,5.16,6.36,2.71,2.11,3.54
2009-09-01,2.21,3.07,3.65,2.92,2.69,4.595211424291955,2.95,5.12,4.85,6.95,3.37,3.32
2009-10-01,2.64,3.69,2.03,2.97,2.14,4.773587828742258,2.52,3.04,3.11,4.07,1.73,1.38
2009-11-01,9.22,10.35,6.39,9.07,7.26,4.856616115275876,1.9,2.62,2.95,2.35,9.28,7.75
2009-12-01,6.43,7.61,7.25,6.62,7.3,4.83636022608806,4.08,5.68,6.01,6.97,7.55,6.05
2010-01-01,7.45,6.17,6.09,3.79,7.07,4.769891844727493,3.36,3.94,4.06,5.579999999999999,3.63,4.92
2010-02-01,3.24,3.3,2.99,3.18,4.33,4.663562726220595,2.54,2.94,2.9933333333333336,3.48,2.21,2.71
2010-03-01,5.26,4.46,6.29,6.04,4.25,4.526383007467315,2.61,3.21,2.62,3.05,3.2,4.27
2010-04-01,1.72,1.97,3.27,1.8,2.97,4.384490160726018,3.06,2.67,2.74,3.06,0.56,1.28
2010-05-01,5.25,3.64,5.69,5.56,5.27,4.2840065808854115,6.34,4.32,3.15,6.02,4.48,6.96
2010-06-01,2.39,1.42,2.79,1.15,3.1,4.270179445123926,7.53,4.18,3.64,6.08,0.93,1.77
2010-07-01,3.43,2.73,5.17,1.75,4.49,4.324549690458417,4.01,3.43,5.203333333333334,2.92,2.54,2.65
2010-08-01,4.9,4.99,7.7,6.51,10.56,4.397580474996339,2.8,6.85,4.48,6.21,2.97,2.91
2010-09-01,5.38,9.07,6.73,4.88,6.12,4.496395949644147,2.2,1.91,3.8066666666666666,2.89,4.78,7.94
2010-10-01,3.51,3.99,4.91,5.1,1.96,4.634991889193202,2.36,2.99,2.09,2.58,2.4899999999999998,4.5
2010-11-01,2.77,1.6,1.76,1.03,1.59,4.745804002234539,2.94,3.53,2.28,3.3,0.96,1.0
2010-12-01,2.52,2.95,5.3,2.93,3.3,4.7910821141613,2.86,4.99,3.3633333333333333,5.02,2.05,4.89
2011-01-01,2.35,1.22,0.92,1.43,1.34,4.7804869794443965,1.56,1.2,1.8,2.44,1.17,1.51
2011-02-01,1.06,1.14,1.92,1.38,1.56,4.7220248528324955,1.84,2.09,4.07,4.14,1.02,0.99
2011-03-01,4.15,6.46,8.61,4.68,7.18,4.624203930149905,6.47,8.25,3.345,5.49,4.24,4.85
2011-04-01,4.17,3.53,7.54,3.98,5.58,4.504347045437962,6.5,7.58,3.0425000000000004,8.25,3.17,1.66
2011-05-01,4.94,5.35,8.48,3.91,5.54,4.394176813161687,6.87,4.1,2.564166666666667,5.11,4.25,2.3
2011-06-01,1.95,4.09,5.39,1.65,2.99,4.3321781291428065,3.32,3.19,2.568055555555556,4.57,2.3,0.7
2011-07-01,2.25,1.04,3.63,4.07,2.35,4.328363909800611,6.05,5.82,1.5,9.84,2.61,4.61
2011-08-01,2.49,1.09,2.28,1.35,2.98,4.362972192398475,2.63,2.73,2.7,4.06,3.43,11.19
2011-09-01,6.79,4.97,8.04,6.32,5.77,4.4296840710213115,5.99,7.22,3.31,9.44,3.67,4.04
2011-10-01,3.43,3.92,4.73,2.62,3.41,4.532337980107257,3.55,2.58,3.43,4.1,3.36,2.58
2011-11-01,5.69,5.5,7.7,4.62,4.02,4.6390709911708985,4.07,5.29,5.41,6.15,3.12,3.8
2011-12-01,3.0,3.55,9.65,2.29,5.94,4.715076552666099,3.86,6.2,4.69,4.22,2.21,2.01
2012-01-01,2.35,2.49,3.44,1.35,3.01,4.7477817660552475,2.49,1.93,5.68,2.64,1.6900000000000002,1.86
2012-02-01,1.03,1.57,1.99,2.26,1.34,4.7349033094438715,2.69,5.12,4.62,4.57,1.69,2.32
2012-03-01,5.79,4.84,6.54,3.81,5.01,4.679553619796888,3.3,5.71,4.261666666666667,5.42,2.25,2.42
2012-04-01,3.47,2.49,4.83,2.78,2.79,4.591950332617425,4.99,4.7,4.82,4.45,2.51,2.46
2012-05-01,3.35,7.61,8.64,2.2,6.47,4.493063572889556,3.12,3.05,4.601388888888889,2.87,2.29,3.41
2012-06-01,4.01,2.67,4.37,1.66,4.89,4.412620851016181,4.95,2.02,4.529814814814815,2.72,1.84,2.61
2012-07-01,5.82,5.12,5.52,1.9,7.97,4.370492380408396,5.8066666666666675,9.39,6.42,10.69,5.9,5.39
2012-08-01,1.96,1.61,4.29,3.34,3.12,4.366732286403435,4.952222222222223,1.74,4.5600000000000005,8.15,4.446666666666666,13.19
2012-09-01,4.93,5.77,10.74,4.92,6.67,4.398208178712373,6.42,7.33,3.9350000000000005,5.56,4.01,4.23
2012-10-01,2.76,2.1,2.12,2.98,2.19,4.465273079409815,4.11,2.1,3.685,3.35,2.11,3.69
2012-11-01,0.42,0.53,1.1,0.49,0.9,4.552172035290357,0.71,0.95,4.261666666666667,0.83,0.54,0.49
2012-12-01,3.89,3.65,3.55,2.39,3.84,4.633624293978228,2.74,3.07,3.69,4.09,2.41,2.99
2013-01-01,9.14,9.8,11.81,7.87,10.52,4.690703030016738,5.92,8.19,3.766666666666666,8.99,2.2600000000000002,5.76
2013-02-01,2.09,2.94,2.55,2.88,2.77,4.7128031697303046,1.25,1.86,1.93,1.92,2.68,3.73
2013-03-01,2.87,2.93,3.95,2.98,3.45,4.696178394763596,3.59,4.01,3.095833333333333,4.76,2.05,2.84
2013-04-01,3.74,3.99,4.96,2.94,4.22,4.644064363690511,4.17,4.33,3.9579166666666667,5.33,2.4899999999999998,3.9
2013-05-01,4.72,3.74,5.35,5.02,5.71,4.568563968290033,5.56,3.37,4.783101851851852,3.97,2.91,3.4
2013-06-01,7.36,5.28,7.13,6.71,7.23,4.490592409653107,6.77,5.19,5.034305555555555,8.22,6.26,9.98
2013-07-01,6.46,4.61,14.91,7.07,8.42,4.430542395030752,5.38,5.66,5.79,6.19,5.23,5.81
2013-08-01,4.59,5.0,4.24,4.11,6.47,4.398637340717094,7.5,5.33,4.82,3.65,1.05,5.08
2013-09-01,1.5,2.05,2.63,1.04,3.94,4.398422759714734,3.05,5.51,3.71,2.69,0.67,2.24
2013-10-01,2.14,1.57,1.89,1.96,3.26,4.431847919562275,1.1,1.25,1.19,1.68,2.37,2.68
2013-11-01,4.05,3.62,3.63,2.06,1.85,4.492009977426315,3.57,3.85,3.35,3.09,2.93,2.85
2013-12-01,6.09,5.45,6.23,5.08,6.15,4.5628171357022715,6.81,5.63,5.82,7.35,5.52,6.37
2014-01-01,4.79,3.54,3.7,3.21,2.82,4.33784005523967,2.07,3.38,4.398888888888888,2.52,3.03,2.92
2014-02-01,2.15,1.59,3.125,1.77,3.04,4.270214408323325,3.04,2.28,3.61,4.29,2.53,3.71
2014-03-01,3.0,3.17,3.5375,3.77,3.53,3.76,3.32,2.97,2.22,3.43,4.84,4.92
2014-04-01,5.54,4.71,4.24875,5.73,4.49,2.47,3.01,3.32,3.232638888888889,2.71,5.46,5.97
2014-05-01,2.78,2.26,4.929583333333333,5.41,2.08,2.68,3.76,3.74,3.845246913580247,3.94,4.32,3.4
2014-06-01,1.58,2.75,5.7498611111111115,2.22,4.17,4.0935308032177025,4.7,3.88,3.52,4.76,4.79,2.7
2014-07-01,4.53,1.4,5.19,5.04,4.01,5.11,4.823333333333333,3.82,5.4,5.08,5.63,3.44
2014-08-01,8.33,5.16,7.6,8.58,8.74,3.7662124469056977,4.39,4.76,4.010000000000001,6.42,5.38,5.95
2014-09-01,3.7,4.14,3.18,3.9,3.83,1.79,4.476666666666667,4.47,1.81,2.29,6.44,8.31
2014-10-01,3.53,3.16,3.51,2.69,3.18,2.800615973187425,5.99,7.23,6.29,7.21,4.86,3.41
2014-11-01,3.11,3.42,4.04,3.3,2.6,3.157541983537913,2.12,4.19,3.27,2.68,4.11,3.89
2014-12-01,3.13,2.48,2.74,3.5,2.41,2.18,3.14,3.71,3.5,3.94,3.82,3.38
2015-01-01,2.08,1.88,2.36,2.16,1.5,3.258920027619835,2.05,2.06,2.03,2.17,3.11,3.35
2015-02-01,1.73,2.47,2.4,2.98,2.09,3.76456721797158,4.37,4.79,3.13,3.5,3.1166666666666667,3.0733333333333337
2015-03-01,3.01,2.6,2.61,3.66,2.44,3.76228360898579,6.18,5.13,4.34,6.52,3.71,3.3844444444444446
2015-04-01,3.61,3.32,6.41,2.97,5.69,3.1161418044928952,4.68,5.52,5.88,6.14,3.17,2.16
2015-05-01,1.83,1.78,1.93,1.49,2.28,2.898070902246448,2.11,3.61,1.53,1.33,1.97,1.88
2015-06-01,9.01,7.8,8.18,6.28,9.06,3.495800852732075,6.81,6.68,5.19,5.46,9.69,8.31
2015-07-01,4.61,5.54,2.92,4.99,5.91,4.302900426366038,6.07,5.57,9.42,6.48,4.07,5.56
2015-08-01,2.24,2.54,6.69,1.87,3.93,4.034556436635867,5.64,4.08,2.27,3.91,3.34,2.86
2015-09-01,7.75,7.41,11.32,7.36,8.65,2.9122782183179337,1.9,4.85,4.64,3.28,6.14,5.585
2015-10-01,4.76,6.0,5.33,4.05,5.12,2.8564470957526793,4.27,3.53,3.81,3.3,4.48,4.408333333333334
2015-11-01,5.6,6.04,6.94,4.96,6.64,3.006994539645296,2.41,3.36,4.63,3.07,5.2,4.176111111111111
2015-12-01,7.41,6.23,9.08,7.64,7.46,2.593497269822648,4.57,4.98,6.36,5.25,7.59,4.23
2016-01-01,2.87,3.63,2.79,2.98,3.13,2.9262086487212415,2.27,2.35,1.82,2.9,2.57,2.37
2016-02-01,5.35,5.37,5.72,5.07,5.68,3.3453879333464105,3.83,4.17,4.45,4.73,5.51,5.14
2016-03-01,4.14,2.77,3.22,2.2,1.98,3.5538357711661,0.99,1.43,2.06,1.31,3.48,2.12
2016-04-01,3.67,2.05,3.59,2.35,2.1,3.3349887878294977,2.27,2.15,3.84,2.8,3.15,3.11
2016-05-01,10.35,5.62,7.2,7.32,8.14,3.116529845037973,7.48,4.55,2.89,4.85,7.1,3.17
2016-06-01,4.55,4.54,3.2,7.11,2.53,3.306165348885024,5.77,4.73,5.19,3.93,5.73,5.363333333333333
2016-07-01,5.59,3.28,5.53,4.08,6.47,3.804532887625531,7.99,5.25,6.39,7.37,4.55,4.61
2016-08-01,6.01,2.62,9.07,2.55,7.38,3.919544662130699,5.59,3.45,4.3,3.65,1.85,0.72
2016-09-01,3.13,3.52,4.15,3.76,1.34,3.415911440224316,2.37,2.48,3.2,2.11,6.52,6.11
2016-10-01,4.56,3.69,0.98,6.25,2.0,3.1361792679884974,1.72,1.67,1.63,0.84,5.53,5.11
2016-11-01,0.43,0.63,1.99,0.84,1.08,3.071586903816897,2.37,1.61,1.59,3.05,1.01,0.78
2016-12-01,3.12,2.26,2.47,1.81,1.95,2.8325420868197724,6.36,5.01,6.62,7.07,1.75,2.23
2017-01-01,3.99,4.16,3.55,4.08,4.82,2.9529169118470047,4.28,4.17,4.25,4.28,3.9,3.45
2017-02-01,1.05,1.04,0.96,1.01,1.03,3.1327682817311384,1.3,1.8,1.7,1.88,1.27,0.54
2017-03-01,3.23,3.02,4.12,2.3,3.23,3.1,3.09,4.42,4.52,4.4,2.03,2.73
2017-04-01,9.03,7.19,7.99,7.78,7.18,3.217494393914749,6.06,7.0,6.56,7.34,3.9899999999999998,4.95
2017-05-01,8.67,10.9,12.2,7.2,12.1,3.167012119476361,9.3,7.92,8.87,7.77,6.79,5.65
2017-06-01,4.43,7.43,3.51,3.72,6.02,3.2365887341806925,2.83,2.95,3.7,4.06,4.546666666666667,4.834444444444444
2017-07-01,4.51,2.21,3.41,1.96,3.5,3.5205608109031115,5.92,5.28,2.54,3.35,1.12,3.49
2017-08-01,4.66,4.4,5.08,5.87,6.1,3.720052736516905,4.23,4.54,5.07,5.36,6.36,5.7
2017-09-01,2.61,3.68,2.81,2.13,3.28,3.5679820883706106,1.66,0.56,1.58,2.34,0.89,1.38
2017-10-01,3.28,3.43,9.96,2.7,5.2,3.3520806781795542,4.99,6.02,5.44,7.04,3.75,2.89
2017-11-01,1.36,1.54,0.97,1.88,1.06,3.2118337909982255,1.86,1.24,1.33,1.67,1.47,2.33
2017-12-01,0.6,0.84,1.07,1.16,0.84,3.022187938908999,2.27,1.65,1.84,1.96,1.6,1.86
2018-01-01,2.58,2.11,2.37,2.96,1.47,2.987552425378002,1.88,2.1,2.02,2.81,3.07,5.64
2018-02-01,3.65,4.85,7.47,2.44,5.28,3.0601603535545703,7.82,8.48,6.64,10.31,1.74,1.53
2018-03-01,3.41,4.0,4.18,3.57,4.22,3.080080176777285,5.04,4.67,5.77,5.26,3.53,3.77
2018-04-01,6.24,5.0,6.96,4.34,5.4,3.148787285346017,3.99,4.72,4.72,3.34,5.17,4.13
2018-05-01,6.61,7.52,8.87,7.93,6.09,3.1578997024111892,4.07,5.99,4.1,5.39,8.03,3.55
2018-06-01,3.56,1.16,4.24,4.06,2.25,3.197244218295941,6.77,4.52,3.39,6.51,5.82,5.03
2018-07-01,3.17,4.59,5.72,3.87,5.98,3.358902514599526,4.16,4.21,3.37,5.08,5.63,5.23
2018-08-01,9.55,8.16,4.58,6.76,4.7,3.5394776255582157,4.31,5.89,9.23,3.46,4.64,6.39
2018-09-01,10.88,13.05,13.56,8.45,14.58,3.553729856964413,7.31,6.85,7.03,6.7,4.7,4.98
2018-10-01,7.91,7.83,8.76,7.66,6.12,3.4529052675719836,3.83,2.87,3.58,3.3,5.05,4.49
2018-11-01,7.64,6.56,6.32,8.67,6.41,3.3323695292851045,4.72,5.47,5.25,5.21,6.61,6.29
2018-12-01,7.71,8.12,8.69,4.61,8.32,5.004852489398035,5.79,6.09,5.12,6.53,4.85,4.44
2019-01-01,4.78,5.1,5.7,4.0,4.53,5.550801638258679,3.54,4.28,5.1,4.17,3.38,5.23
2019-02-01,4.8,5.34,5.95,5.03,5.59,8.66,8.17,7.33,9.22,10.51,5.7,5.61
2019-03-01,3.52,2.87,2.43,3.2,2.04,,2.47,2.54,3.13,3.78,3.63,3.9
2019-04-01,2.56,3.51,8.92,3.07,4.61,2.83,3.14,2.38,4.52,5.28,3.23,3.98
